02002922,REFR,00031897,
0200299F,REFR,0200F9F0,
020029A0,REFR,0200F9FA,
02002B0E,ACHR,02002B0D,Easy
02002B0F,REFR,00099312,
02002B13,REFR,020041EC,
02002B14,REFR,020041F2,
02002B20,REFR,020041E8,
02002B21,REFR,001067EC,
02002B22,REFR,02002B29,
02002B23,ACHR,020071AF,Easy
02002B24,ACHR,020071AF,Easy
02002B25,ACHR,020071AF,Easy
02002B26,ACHR,020071AF,Easy
02002B2A,REFR,0200BDD2,
02002B2B,REFR,0000003B,
02002B2C,REFR,0000003B,
02002B2D,REFR,0200BDD2,
02002B2E,REFR,0000003B,
02002B2F,REFR,0000003B,
02002B30,REFR,0200BDD2,
02002B31,REFR,0000003B,
02002B32,REFR,0000003B,
02002FCA,REFR,00000032,
02002FE1,REFR,02018EF7,
0200321F,REFR,00081322,
0200335E,REFR,0200825D,
0200335F,ACHR,020150AF,Easy
02003377,REFR,0200825D,
02003378,ACHR,0200BF5E,Easy
02003379,REFR,0200825D,
0200337A,ACHR,02004575,Easy
0200337B,REFR,020183EE,
0200337C,REFR,020183EE,
0200337D,REFR,020183EE,
0200337E,REFR,020183EE,
0200337F,REFR,020183EE,
02003380,REFR,020183EE,
02003381,REFR,020183EE,
02003382,REFR,020183EE,
02003383,REFR,020183EE,
02003384,REFR,020183EE,
02003385,REFR,020183EE,
02003386,REFR,000587D4,
02003387,REFR,000481AD,
02003388,REFR,020183EE,
02003389,REFR,000587C6,
0200338A,REFR,0000003B,
0200338B,REFR,02002911,
0200338C,REFR,020183EE,
0200338D,REFR,020183EE,
0200338E,REFR,020183EE,
02003391,REFR,0200E3E4,
02003392,REFR,0200E3E4,
02003393,REFR,000AF5F2,
02003394,REFR,000AF5F3,
02003395,REFR,000AF5F5,
02003396,REFR,000AF5F6,
02003397,REFR,000AF5F9,
02003398,REFR,000AF5FD,
02003399,REFR,000B56DB,
0200339A,REFR,00064806,
0200339B,REFR,00064806,
0200339C,REFR,0002E4F4,
0200356E,REFR,0200280F,
02003573,REFR,0200280F,
02003779,REFR,0200C22D,
0200377A,REFR,0200C22E,
0200377B,REFR,0200C230,
0200377C,REFR,0200C22E,
0200378F,REFR,0200C22E,
02003790,REFR,0200C22D,
02003791,REFR,0200C22F,
02003792,REFR,0200C22F,
02003793,REFR,0200C22F,
02003794,REFR,0200C22E,
02003795,REFR,0200E3E2,
02003796,REFR,0200E3E8,
02003797,REFR,02007AD9,
02003798,REFR,02007AD9,
02003799,REFR,02007AD9,
0200379A,REFR,00000032,
0200379B,REFR,0200C22D,
0200379C,REFR,0200C22E,
0200379D,REFR,0200C22E,
0200379E,REFR,0200C22E,
020037A0,REFR,0200280E,
020037A2,REFR,0200C22E,
020037A7,REFR,000D2019,
020037A8,REFR,02007AD9,
020037AD,REFR,0200C22E,
020037AE,REFR,00040BAD,
020037AF,REFR,00040BAD,
020037B4,REFR,00040BAD,
020037B9,REFR,00040BAD,
020037BA,REFR,0200C230,
020037BB,REFR,0200C22E,
020037BC,REFR,0200C22E,
020037BE,REFR,0200C22E,
020037C3,REFR,0200C22D,
020037C4,REFR,0200C22E,
020037C5,REFR,0200C22E,
020037C6,ACHR,020150AF,Easy
020037C7,REFR,0200C22E,
020037C8,REFR,0200C22E,
020037C9,REFR,0200C22E,
020037CA,REFR,0200C22E,
020037CB,REFR,0200C234,
020037CC,REFR,0200C234,
020037CD,REFR,0200C235,
020037CE,REFR,0200C235,
020037CF,REFR,0200E3E9,
020037D0,REFR,0200E3E7,
020037D1,REFR,0200C22E,
020037D2,REFR,0200C22E,
020037D3,REFR,0200C22E,
020037D4,REFR,0200C22E,
020037D5,REFR,0200C22E,
020037D6,REFR,0200C22E,
02003808,REFR,0200C22F,
0200380D,REFR,0200C22F,
02003812,REFR,0200C22E,
02003813,REFR,0200C22F,
02003815,REFR,0200C22F,
02003816,REFR,0200C235,
02003817,REFR,0200C235,
02003818,REFR,0200E3E9,
02003819,REFR,0200C234,
02003822,REFR,0200C235,
02003823,REFR,0200C235,
02003827,REFR,0200C235,
02003828,REFR,0200C235,
02003829,REFR,0200C235,
0200382A,REFR,0200C235,
0200382B,REFR,0200C235,
0200382C,REFR,0200C235,
0200382E,REFR,0200C235,
02003831,REFR,0200C235,
02003832,REFR,0200E3E9,
02003833,REFR,0200E9E9,
02003834,REFR,02003BDA,
02003835,REFR,000D201A,
0200383D,REFR,02012DBA,
0200383F,REFR,0200C234,
02003840,REFR,0200E3E6,
02003841,REFR,02005894,
02003846,REFR,02007ADA,
02003847,REFR,000D201B,
02003848,REFR,000D201A,
02003849,REFR,0200933B,
0200384A,REFR,0200933A,
0200384B,REFR,02009342,
0200384C,REFR,02007ADA,
0200384D,REFR,02007ADA,
02003850,REFR,02007ADA,
02003852,REFR,02007AD8,
02003853,REFR,02007AD8,
02003858,REFR,0200933F,
02003859,REFR,02007AD9,
0200385A,REFR,02007AD9,
0200385B,REFR,02009341,
0200385C,REFR,02009340,
0200385D,REFR,0200E3E2,
0200385E,REFR,0200E3E9,
0200385F,REFR,0200E3E8,
02003860,REFR,020059C2,
02003861,REFR,02007ADA,
02003862,REFR,0200E3E4,
02003868,REFR,0200E3EC,
0200386D,REFR,000D201B,
0200386F,REFR,0200C22D,
02003884,REFR,0200C22E,
02003897,REFR,02017651,
020038AC,REFR,0200E3EB,
020038AD,ACHR,020071AA,Easy
020038AE,REFR,00000034,
020038B1,REFR,00000034,
020038B3,REFR,00000034,
020038B4,REFR,00000034,
020038ED,REFR,0000003B,
020038EE,REFR,0201A98A,
020038EF,REFR,0000003B,
020038F2,REFR,0000003B,
020038F7,REFR,02015FDF,
020038F9,REFR,0200E3E4,
02003900,REFR,0200E3E4,
02003901,REFR,000638B7,
02003902,REFR,000B4211,
02003905,REFR,02003BDA,
02003906,REFR,02013247,
02003908,REFR,02011812,
02003909,REFR,02011C42,
0200390A,REFR,02011C41,
0200390B,REFR,02006AA4,
0200390C,REFR,02006AA4,
0200390D,REFR,000C49EE,
0200390E,REFR,0200E3EB,
0200390F,REFR,000481B0,
02003910,REFR,00073CC2,
02003911,REFR,0002E500,
02003915,REFR,0200C22D,
02003916,REFR,0200C230,
02003917,REFR,0200C22E,
02003918,REFR,0200933F,
02003919,REFR,02007AD9,
0200391A,REFR,02007AD9,
0200391B,REFR,020059B9,
0200391C,REFR,0200C22E,
0200391D,REFR,020183EE,
0200391E,REFR,000D201C,
0200391F,REFR,000D201B,
02003920,REFR,0201611F,
02003921,REFR,020183EE,
02003923,REFR,020183EE,
02003924,REFR,000481B0,
02003925,REFR,000481B0,
02003926,REFR,000638B7,
02003927,REFR,000587D7,
02003928,REFR,000587D7,
02003929,REFR,000587D7,
02003935,REFR,000587D7,
02003936,REFR,000587D7,
02003937,REFR,000587D7,
02003938,REFR,000587D7,
02003939,REFR,00079986,
0200393A,REFR,0201A6A7,
0200393B,REFR,0201A6A7,
0200393C,REFR,00079986,
0200393F,REFR,020059C9,
02003940,REFR,0200280E,
02003941,REFR,000587C8,
02003942,REFR,000587C8,
02003943,REFR,000587C8,
02003944,REFR,000587C8,
02003945,REFR,000587C8,
02003946,REFR,000587C8,
02003947,REFR,000587C8,
02003948,REFR,000AF5FC,
02003949,REFR,000AF5F9,
0200394A,REFR,00039ED1,
0200394C,REFR,02002842,
02003953,REFR,0200C22D,
02003954,REFR,02007ADA,
02003955,REFR,02007ADA,
02003957,REFR,02009342,
02003958,REFR,02007ADA,
02003959,REFR,02009342,
0200395A,REFR,02009342,
0200395B,REFR,0200933E,
0200395C,REFR,02007ADA,
0200395E,REFR,02007ADA,
0200395F,REFR,02009342,
02003960,REFR,0200933E,
02003961,REFR,02007ADA,
02003962,REFR,02007ADA,
02003963,REFR,02007ADA,
02003964,REFR,02007ADA,
02003965,REFR,02009342,
02003966,REFR,02007ADA,
02003967,REFR,02007ADA,
02003968,REFR,0200933E,
02003969,REFR,02009342,
0200396A,REFR,000D201A,
0200396B,REFR,000D2019,
0200396C,REFR,02007AD9,
0200396D,REFR,02009341,
0200396E,REFR,02009341,
0200396F,REFR,0200933F,
02003970,REFR,02007AD9,
02003971,REFR,02007AD9,
02003972,REFR,02009341,
02003973,REFR,02007AD9,
02003974,REFR,02007AD9,
02003975,REFR,02009341,
02003976,REFR,02007AD9,
02003977,REFR,02009341,
02003978,REFR,02009341,
02003979,REFR,02009341,
0200397A,REFR,02009341,
0200397B,REFR,02009341,
0200397C,REFR,02009341,
0200397D,REFR,02009341,
0200397E,REFR,02009341,
0200397F,REFR,02009341,
02003980,REFR,02009341,
02003981,REFR,02007ADA,
02003A1F,REFR,00099312,
02003A29,REFR,0006F273,
02003A34,REFR,0200E3EC,
02003A3B,REFR,0200C235,
02003A3D,REFR,0200E3EB,
02003A3E,REFR,0200C22E,
02003A3F,REFR,0200DDB5,
02003A41,REFR,0200E3E4,
02003A42,REFR,0200E3E4,
02003A43,REFR,02003BDA,
02003A45,REFR,0200C235,
02003A46,REFR,0200C22E,
02003A47,REFR,020059C2,
02003A48,REFR,0200A2CF,
02003A49,REFR,00016440,
02003A4A,REFR,02008940,
02003A4B,REFR,020059C2,
02003A4C,REFR,020058A9,
02003A4D,REFR,0006F273,
02003A4E,REFR,0200DDB5,
02003A4F,REFR,0200E3F0,
02003A50,REFR,0200E3E7,
02003A51,REFR,0200E3E9,
02003A52,REFR,0200E3EB,
02003A53,REFR,0200E3EC,
02003A54,REFR,0200E3E4,
02003A55,REFR,02006AA3,
02003A56,REFR,02006AA5,
02003A57,REFR,02006AA6,
02003A58,REFR,02006AA4,
02003A59,REFR,02006AA4,
02003A5A,REFR,0200C22E,
02003A5B,REFR,0200C230,
02003A5C,REFR,02003BDA,
02003A5E,REFR,0200C230,
02003A5F,REFR,02006AA6,
02003A60,REFR,02006AA5,
02003A61,REFR,02006AA4,
02003A62,REFR,00073CE6,
02003A63,REFR,00073CE6,
02003A64,REFR,0200E3EB,
02003A65,REFR,0200E3EA,
02003A66,REFR,0200E3E3,
02003A67,REFR,02011810,
02003A70,REFR,0200E3EC,
02003A77,REFR,0200E3E4,
02003A78,REFR,02003BDA,
02003A7C,REFR,02004333,
02003A7D,REFR,02003BD9,
02003A8A,REFR,02011823,
02003A8C,REFR,00073CE6,
02003A8D,REFR,02006AA4,
02003A8E,REFR,02006AA6,
02003A8F,REFR,0200E3EA,
02003A90,REFR,0200E3EB,
02003A91,REFR,0200E3EB,
02003A92,REFR,0200DDB5,
02003A93,REFR,02003BDA,
02003A94,REFR,0200E3EB,
02003A95,REFR,0200E3EB,
02003A96,REFR,02004333,
02003A97,REFR,02003BDA,
02003A98,REFR,02003BD9,
02003AD0,REFR,02003AD4,
02003B8D,REFR,00000034,
02003B8E,ACHR,02003B8B,
02003B91,REFR,00000034,
02003B92,REFR,00000034,
02003B95,REFR,00000034,
02003BD8,REFR,02004334,
02003BDC,REFR,02003BD9,
02003BDD,REFR,02003BDA,
02003BDE,REFR,02003BDA,
02003BDF,REFR,02003BDB,
02003BE0,REFR,02003BDA,
02003BE1,REFR,02004332,
02003BE5,REFR,02004332,
02003BE6,REFR,02004333,
02003BE7,REFR,02003BDB,
02003BE8,REFR,02003BDA,
02003BE9,REFR,02003BD9,
02003BEA,REFR,02003BD9,
02003BEB,REFR,02003BDB,
02003BEC,REFR,0200431F,
02003BED,REFR,02004333,
02003BEE,REFR,02004334,
02003BEF,REFR,02003BDB,
02003F7B,REFR,0200DDB5,
02003F7C,REFR,0200C22E,
02003F7D,REFR,0200C235,
02003F7E,REFR,0200C22E,
02003F7F,REFR,0200C235,
02003F80,REFR,0200C22E,
02003F81,REFR,0200C235,
02003F82,REFR,0200C235,
02003F83,REFR,02015FF1,
02003F84,REFR,02017651,
02003F85,REFR,0200C22D,
02003F86,REFR,0006F273,
02003F87,REFR,02005894,
02003F88,REFR,0200C232,
02003F89,REFR,0200E3EB,
02003F8A,REFR,0200E3EC,
02003F8B,REFR,0200E3EC,
02003F8C,REFR,0200E3E4,
02003F8D,REFR,0200E3EB,
02003F94,REFR,0200DDB5,
02003F95,REFR,02003BDB,
02003F96,REFR,02003BD9,
02003F98,REFR,02006868,
02003F99,REFR,0200CA84,
02003F9A,REFR,0200C230,
02003F9B,REFR,0200E3E7,
02003F9C,REFR,0200E3E9,
02003F9D,REFR,0200E3E6,
02003F9E,REFR,02003BDB,
02003F9F,REFR,02006868,
02003FDB,REFR,020141A9,
02003FDC,REFR,020141A9,
02003FDD,REFR,020141A9,
02003FDE,REFR,020141A9,
02003FDF,REFR,02009341,
02003FE0,REFR,02009341,
02003FE1,REFR,02007AD8,
02003FE2,REFR,02007ADA,
02003FE3,REFR,02009341,
02003FE4,REFR,02007AD8,
02003FE5,REFR,02007ADA,
02003FE6,REFR,02009341,
02003FE7,REFR,02007AD8,
02003FE8,REFR,02009342,
02003FE9,REFR,02009341,
02003FEA,REFR,02007ADA,
02003FEB,REFR,0200933E,
02003FEC,REFR,02007ADA,
02003FED,REFR,02009341,
02003FEE,REFR,02009341,
02003FEF,REFR,02009341,
02003FF0,REFR,02009342,
02003FF1,REFR,02009342,
02003FF2,REFR,02007ADA,
02003FF3,REFR,02009341,
02003FF4,REFR,02009341,
02003FF5,REFR,02009341,
02003FF6,REFR,02007ADA,
02003FF8,REFR,02009341,
02003FF9,REFR,02007ADA,
02003FFA,REFR,02009341,
02003FFB,REFR,02009341,
02003FFC,REFR,02009341,
02003FFD,REFR,02007ADA,
02003FFE,REFR,02009341,
02003FFF,REFR,02007ADA,
02004000,REFR,02009341,
02004001,REFR,02007ADA,
02004002,REFR,02009341,
02004003,REFR,02007ADA,
02004004,REFR,02009341,
02004005,REFR,02007ADA,
02004006,REFR,02009341,
02004007,REFR,0200933E,
02004008,REFR,02009341,
02004009,REFR,02007ADA,
0200400A,REFR,02009341,
0200400B,REFR,02007ADA,
0200400C,REFR,02009341,
0200400D,REFR,0200933E,
0200400E,REFR,02009341,
0200400F,REFR,02007ADA,
02004010,REFR,02009341,
02004011,REFR,02007ADA,
02004012,REFR,02009341,
02004013,REFR,0200933E,
02004014,REFR,02009341,
02004015,REFR,02007ADA,
02004016,REFR,02009341,
02004017,REFR,02007ADA,
02004018,REFR,02007AD9,
02004019,REFR,02007ADA,
0200401A,REFR,02007AD9,
0200401B,REFR,02009342,
0200401C,REFR,02007ADA,
0200401D,REFR,02009341,
0200401E,REFR,02009342,
0200401F,REFR,02009341,
02004020,REFR,02007ADA,
02004021,REFR,02007AD9,
02004022,REFR,02007AD9,
02004023,REFR,02009342,
02004024,REFR,0200933E,
02004025,REFR,02009341,
02004026,REFR,02007ADA,
02004027,REFR,02007AD9,
02004028,REFR,02009342,
02004029,REFR,0200933E,
0200402A,REFR,02009342,
0200402B,REFR,0200E3F0,
0200402C,REFR,02007ADA,
0200402D,REFR,02007ADA,
0200402E,REFR,0200C22E,
0200402F,REFR,0200C22E,
02004030,REFR,0200C22D,
02004031,REFR,0200E3F0,
02004032,REFR,0200933B,
02004033,REFR,0200933B,
02004034,REFR,0200933B,
02004035,REFR,0200933B,
02004036,REFR,0200C22D,
02004037,REFR,0200C22D,
02004038,REFR,0200933C,
02004039,REFR,0200933C,
0200403A,REFR,02009341,
0200403B,REFR,02007ADA,
0200403C,REFR,02019921,
0200403D,REFR,02009342,
0200403E,REFR,02007ADA,
0200403F,REFR,02009341,
02004040,REFR,02009341,
02004041,REFR,0200933E,
02004042,REFR,0200933C,
02004043,REFR,02009342,
02004044,REFR,02007ADA,
02004045,REFR,02009341,
02004046,REFR,02009341,
02004047,REFR,02007ADA,
02004048,REFR,02007ADA,
02004049,REFR,0200933C,
0200404A,REFR,02007ADA,
0200404B,REFR,02007ADA,
0200404C,REFR,02007ADA,
0200404D,REFR,02007ADA,
0200404E,REFR,02007ADA,
0200404F,REFR,02007ADA,
02004050,REFR,02007ADA,
02004051,REFR,02007AD9,
02004052,REFR,02007AD9,
02004053,REFR,02007AD9,
02004054,REFR,02007AD9,
02004055,REFR,02007AD9,
02004056,REFR,02007ADA,
02004057,REFR,02007ADA,
02004058,REFR,02009341,
02004059,REFR,02007ADA,
0200405A,REFR,02007ADA,
0200405B,REFR,02007AD9,
0200405C,REFR,02007ADA,
0200405D,REFR,02007ADA,
0200405E,REFR,02007AD9,
0200405F,REFR,02007ADA,
02004060,REFR,02007ADA,
02004061,REFR,02007AD9,
02004062,REFR,02007ADA,
02004063,REFR,02007ADA,
02004064,REFR,02007AD9,
02004065,REFR,02007ADA,
02004066,REFR,02007ADA,
02004067,REFR,02007ADA,
02004068,REFR,02007ADA,
02004069,REFR,02007ADA,
0200406A,REFR,02007ADA,
0200406B,REFR,02007ADA,
0200406C,REFR,02007ADA,
0200406D,REFR,02007ADA,
0200406E,REFR,02007ADA,
0200406F,REFR,02007AD9,
02004070,REFR,02007AD9,
02004071,REFR,02007AD9,
02004072,REFR,02007AD9,
02004073,REFR,020141AB,
02004074,REFR,0200BF4E,
02004075,REFR,0200C22E,
02004076,REFR,0200C22E,
02004077,REFR,0200C22E,
02004078,REFR,0200C22D,
02004079,REFR,0200C22D,
0200407A,REFR,0200C22E,
0200407B,REFR,0200C22E,
0200407C,REFR,0200C22F,
0200407D,REFR,0200C22E,
0200407E,REFR,0200C235,
0200407F,REFR,0200C235,
02004080,REFR,020141AB,
02004081,REFR,020141AB,
02004082,REFR,020141AB,
02004083,REFR,020141AB,
02004084,REFR,0200C235,
02004085,REFR,0200C235,
02004086,REFR,0200E3E6,
02004087,REFR,0200E3E9,
02004088,REFR,0200E3E8,
02004089,REFR,0200E3E8,
0200408A,REFR,020059B5,
0200408C,REFR,020059B2,
0200408D,REFR,0200C22E,
0200408E,REFR,0200C22D,
0200408F,REFR,0200C22E,
02004090,REFR,02009341,
02004091,REFR,02009341,
02004092,REFR,02007ADA,
02004093,REFR,02007ADA,
02004094,REFR,0200E3E4,
02004095,REFR,0200E3EA,
02004096,REFR,0200C22D,
02004097,REFR,02003AD4,
02004098,REFR,000D2019,
02004099,REFR,000D201A,
0200409A,REFR,00048AC0,
0200409B,REFR,0200825D,
0200409C,ACHR,0200BF5E,Easy
0200409D,ACHR,020150AF,Easy
0200409E,REFR,0200825D,
0200409F,ACHR,020150AF,Easy
020040A0,REFR,0200825D,
020040A1,REFR,000D2019,
020040A2,REFR,000D201A,
020040A3,ACHR,0200BF5E,Easy
020040A4,REFR,0200825D,
020040A6,REFR,020040A5,
020040A9,REFR,020183EE,
020040AA,REFR,020183EE,
020040AB,REFR,0200E3E6,
020040AC,REFR,00040BAD,
020040AD,REFR,00040BAD,
020040AE,REFR,00040BAD,
020040AF,REFR,00040BAD,
020040B0,REFR,000D201B,
020040B1,REFR,000D201C,
020040B2,REFR,0010DDB9,
020040B3,REFR,00074A37,
020040B4,REFR,02007AD9,
020040B5,REFR,0200933B,
020040B6,REFR,0200933B,
020040B7,REFR,02007ADA,
020040B8,REFR,0200C22E,
020040B9,REFR,0200C22E,
020040BA,REFR,02007AD9,
020040BB,REFR,02007AD9,
020040BC,REFR,0200C22D,
020040BD,REFR,0200C234,
020040BE,REFR,02007AD8,
020040BF,REFR,02007AD8,
020040C0,REFR,02007AD8,
020040C1,REFR,02007AD8,
020040C2,REFR,02007AD8,
020040C3,REFR,02007AD8,
020040C4,REFR,02007AD8,
020040C5,REFR,02007AD8,
020040C6,REFR,02007AD8,
020040C7,REFR,02007AD8,
020040C8,REFR,02007AD8,
020040C9,REFR,02015FDF,
020040CA,REFR,0200C22D,
020040CB,REFR,0200C22E,
020040CC,REFR,0200C22D,
020040CD,REFR,0200C22D,
020040CE,REFR,0200C22D,
020040CF,REFR,0200C22E,
020040D0,REFR,0200C22E,
020040D1,REFR,0200C22E,
020040D2,REFR,0200C235,
020040D3,REFR,0200C235,
020040D4,REFR,0200C235,
020040D5,REFR,0200E3E6,
020040D6,REFR,0200E3E2,
020040D7,REFR,0200E3E9,
020040D8,REFR,0200C234,
020040D9,REFR,0201A98A,
020040DA,REFR,00000034,
020040DB,REFR,0000003B,
020040DC,REFR,0000003B,
020040DD,REFR,0000003B,
020040DE,REFR,02017651,
020040DF,REFR,02017651,
020040E0,REFR,02017651,
020040E1,REFR,02017651,
020040E2,REFR,02015FDF,
020040E3,REFR,000D201B,
020040EC,REFR,020041F0,
020040ED,REFR,020041F0,
020040EE,ACHR,0200BF5E,Easy
020040EF,REFR,0200825D,
020040F0,ACHR,02004575,Easy
020040F1,REFR,0200825D,
020040F2,REFR,0000003B,
020040F3,REFR,02002911,
020040F4,REFR,000481AD,
020040F5,REFR,000587D4,
020040F6,REFR,000587C6,
020040F7,REFR,020183EE,
020040F8,REFR,020183EE,
020040F9,REFR,020183EE,
020040FA,REFR,020183EE,
020040FB,REFR,020183EE,
020040FC,REFR,020183EE,
020040FD,REFR,020183EE,
020040FE,REFR,020183EE,
020040FF,REFR,020183EE,
02004100,REFR,0200E3E4,
02004101,ACHR,0200BF5C,Easy
02004102,REFR,0200825D,
02004103,REFR,000D201C,
02004104,REFR,0201A6A7,
02004105,REFR,0200280E,
02004106,REFR,00079986,
02004107,REFR,00079986,
02004108,REFR,0201A6A7,
02004109,REFR,020059C9,
0200410A,REFR,000587D7,
0200410B,REFR,000587D7,
0200410C,REFR,000587D7,
0200410D,REFR,000587D7,
0200410E,REFR,000587D7,
0200410F,REFR,000587D7,
02004110,REFR,000587D7,
02004111,REFR,000587C8,
02004112,REFR,000587C8,
02004113,REFR,000587C8,
02004114,REFR,000587C8,
02004115,REFR,000587C8,
02004116,REFR,000587C8,
02004117,REFR,000587C8,
02004118,REFR,02015FDF,
02004141,REFR,0200E3E4,
02004142,REFR,020041E6,
02004143,REFR,020041E6,
02004144,REFR,020041E6,
02004145,REFR,020041E6,
02004146,REFR,020041E6,
02004147,REFR,020041E6,
02004148,REFR,020041E6,
02004149,REFR,020041E6,
0200414A,REFR,020041F3,
0200414B,REFR,020041F6,
0200414C,REFR,020041F3,
0200414D,REFR,020041F5,
0200414E,REFR,020041E2,
0200414F,REFR,020041E3,
02004150,REFR,02015FF1,
02004151,REFR,020059C2,
02004152,REFR,02017651,
02004153,REFR,020041F0,
02004154,REFR,020041F0,
02004155,REFR,020041F3,
02004156,REFR,020041E3,
02004157,REFR,020041E5,
02004159,REFR,020041F9,
0200415A,REFR,020041F8,
0200415B,REFR,020041E8,
0200415C,REFR,020041E8,
0200415D,REFR,020041E8,
0200415E,REFR,020041E8,
0200415F,REFR,020041E8,
02004160,REFR,020040A5,
02004161,REFR,020041F0,
02004162,REFR,020041F0,
02004163,REFR,0200C22F,
02004164,REFR,0200C22D,
02004165,REFR,0200C22D,
02004167,REFR,00000032,
02004168,REFR,0200C235,
02004169,REFR,0200933F,
0200416A,REFR,02007AD9,
0200416B,REFR,02007AD9,
0200416C,REFR,0200C22F,
0200416D,REFR,0200C235,
0200416E,REFR,0200C22E,
0200416F,REFR,0200C235,
02004170,REFR,0200C22E,
02004171,REFR,02007AD9,
02004172,REFR,02007AD9,
02004173,REFR,02007AD9,
02004175,REFR,0200C235,
02004176,REFR,0200C235,
02004178,REFR,0200C22F,
02004179,REFR,0200C22F,
0200417B,REFR,0200C22F,
0200417C,REFR,0200C22F,
0200417D,REFR,0200C22F,
0200417E,REFR,0200C22F,
0200417F,REFR,0200C22F,
02004180,REFR,0200C22F,
02004181,REFR,0200C22F,
02004182,REFR,0200C22F,
02004183,REFR,0200C22F,
02004184,REFR,0200C235,
02004185,REFR,0200C235,
02004186,REFR,0200C235,
02004187,REFR,0200933F,
02004188,REFR,0200C22F,
02004189,REFR,0200C22F,
0200418A,REFR,0200C22F,
0200418B,REFR,0200C22F,
0200418C,REFR,0200C22F,
0200418D,REFR,0200C22F,
0200418E,REFR,0200C22F,
0200418F,REFR,0200C22F,
02004190,REFR,0200C22F,
02004192,REFR,0200C22D,
02004194,REFR,00040BAD,
02004195,REFR,00040BAD,
02004196,REFR,00040BAD,
02004197,REFR,00040BAD,
02004198,REFR,00040BAD,
02004199,REFR,00040BAD,
0200419A,REFR,00040BAD,
0200419B,REFR,0201A98A,
0200419C,REFR,0000003B,
0200419D,REFR,0000003B,
0200419E,REFR,0000003B,
0200419F,REFR,02017651,
020041A0,REFR,00000034,
020041A1,REFR,00040BAD,
020041A2,REFR,00040BAD,
020041A3,REFR,00040BAD,
020041A4,REFR,00040BAD,
020041A5,REFR,00040BAD,
020041A6,REFR,00040BAD,
020041A7,REFR,00040BAD,
02004335,REFR,02004333,
02004336,REFR,02004334,
02004337,REFR,02004332,
02004338,REFR,02004334,
02004339,REFR,02004332,
0200433A,REFR,02004333,
0200433C,REFR,02004333,
0200433E,REFR,02004333,
0200433F,REFR,02004332,
02004554,REFR,0200BDD2,
02004555,REFR,0000003B,
02004556,REFR,0000003B,
02004557,REFR,0000003B,
02004558,REFR,0000003B,
02004559,REFR,0200BDD2,
0200455A,REFR,0000003B,
0200455B,REFR,0000003B,
0200455C,REFR,0200BDD2,
0200455D,REFR,0000003B,
0200455E,REFR,0000003B,
0200455F,REFR,0200BDD2,
02004560,REFR,0000003B,
02004561,REFR,0000003B,
02004562,REFR,0200BDD2,
02004563,REFR,0000003B,
02004564,REFR,0000003B,
02004565,REFR,0200BDD2,
02004566,REFR,02002842,
02004567,REFR,02002842,
02004568,REFR,02002842,
02004569,REFR,02002842,
0200456A,REFR,02002842,
0200456B,REFR,02002842,
0200456C,REFR,02002842,
0200456D,REFR,02002842,
0200456E,REFR,02002842,
0200456F,REFR,02002842,
02004570,REFR,02002842,
02004571,REFR,02002842,
02004572,REFR,00048AC0,
02004573,REFR,0200825D,
02004574,ACHR,020150AF,Medium
02004576,REFR,000140BD,
02004577,REFR,000140BD,
02004578,REFR,000140BD,
02004579,REFR,000140BD,
0200457A,ACHR,0201A8EF,
0200457B,REFR,000140BD,
0200457C,REFR,000140BD,
0200457D,REFR,000140BD,
0200457E,ACHR,0201A8EF,
0200457F,REFR,000140BD,
02004580,REFR,000140BD,
02004581,REFR,000140BD,
02004582,REFR,02002842,
02004583,REFR,02002842,
02004584,REFR,02002842,
02004586,REFR,02002842,
02004587,REFR,02002842,
02004588,REFR,02002842,
02004589,REFR,02002842,
0200458A,REFR,02002842,
0200458B,REFR,02002842,
0200458E,REFR,02002842,
0200458F,REFR,02002842,
02004590,REFR,02002842,
02004591,REFR,02002842,
02004592,REFR,02002842,
02004593,REFR,02002842,
02004594,REFR,02002842,
02004595,REFR,02002842,
020045BF,REFR,020183EE,
020045C0,REFR,0200E3E8,
020045C1,REFR,02014DC4,
020045C2,REFR,02014DC4,
020045C3,REFR,0003AD5B,
020045C4,REFR,00048AC0,
020045C5,REFR,0200E3E9,
020045D4,REFR,000D2019,
02004627,REFR,020059C2,
02004631,REFR,0200C22E,
0200464D,REFR,00040BAD,
0200465D,REFR,00040BAD,
02004737,REFR,00040BAD,
02004738,REFR,00040BAD,
02004739,REFR,00040BAD,
0200473A,REFR,00040BAD,
02004752,REFR,00040BAD,
02004753,REFR,00040BAD,
02004754,REFR,00040BAD,
02004755,REFR,00040BAD,
02004756,REFR,00040BAD,
02004757,REFR,00040BAD,
02004758,REFR,00040BAD,
0200475A,REFR,00040BAD,
0200475B,REFR,0200C235,
0200475C,REFR,0200933C,
0200475D,REFR,0200C235,
0200475E,REFR,0201611F,
0200475F,REFR,00093D45,
02004760,REFR,00093D45,
02004761,REFR,00093D45,
02004762,REFR,00093D45,
02004763,REFR,02009343,
02004764,REFR,00093D45,
02004766,REFR,00040BAD,
02004767,REFR,00040BAD,
02004768,REFR,00040BAD,
02004769,REFR,00040BAD,
0200476A,REFR,00040BAD,
0200476B,REFR,00040BAD,
0200476C,REFR,0200933F,
0200476D,REFR,020041F0,
0200476E,REFR,020041EC,
0200476F,REFR,020041EB,
02004770,REFR,020041F0,
02004771,REFR,020041E8,
02004772,REFR,020041E8,
02004773,REFR,020041E8,
02004774,REFR,020041E1,
02004775,REFR,020041E1,
02004776,REFR,020041F3,
02004777,REFR,020040A5,
020047C9,REFR,0000003B,
020047CA,REFR,0000003B,
020047DD,REFR,00000034,
020047E1,REFR,0000003B,
020047E4,REFR,0201A98A,
020047E6,REFR,02017651,
020047EC,REFR,020041E8,
020047F1,REFR,020041E8,
02004802,REFR,020041E8,
02004803,REFR,020041E8,
02004819,REFR,020041F0,
02004822,REFR,020041EC,
02004823,REFR,020041EC,
02004824,REFR,020041E8,
0200482C,REFR,020041E8,
0200482E,REFR,020041E8,
02004840,REFR,020041E8,
02004844,REFR,020041E8,
02004849,REFR,020041E8,
0200484A,REFR,020041E8,
0200484B,REFR,020041EC,
0200484C,REFR,020041EC,
0200484D,REFR,020041E8,
0200484E,REFR,020041E8,
0200484F,REFR,020041E8,
02004850,REFR,020041EC,
02004851,REFR,020041E8,
02004852,REFR,020041E8,
02004853,REFR,020041E8,
02004854,REFR,020041E8,
02004855,REFR,020041F0,
02004856,REFR,020041E8,
02004857,REFR,020041F0,
02004858,REFR,020041E8,
02004859,REFR,020041F0,
0200485A,REFR,020041F0,
0200485B,REFR,020041F0,
0200485C,REFR,020041E8,
0200485D,REFR,00040BAD,
0200485E,REFR,020041ED,
0200485F,REFR,000D2019,
02004860,REFR,0001ED86,
02004861,REFR,000D201A,
02004862,REFR,0001ED86,
02004863,REFR,000D201B,
02004864,REFR,0001ED86,
02004865,REFR,020041F7,
02004866,REFR,020041ED,
02004868,REFR,020041F8,
02004869,REFR,020041F9,
0200486A,REFR,020041FD,
0200486B,REFR,00040BAD,
0200486C,REFR,00040BAD,
0200486D,REFR,00040BAD,
0200486E,REFR,00040BAD,
0200486F,REFR,00040BAD,
02004870,REFR,00040BAD,
02004871,REFR,00040BAD,
02004872,REFR,00040BAD,
02004873,REFR,00040BAD,
02004874,REFR,020041E8,
02004875,REFR,020041E8,
02004876,REFR,020041E8,
02004877,REFR,020041E6,
02004878,REFR,020041E7,
02004879,REFR,020041E5,
0200487A,REFR,020041E8,
0200487B,REFR,020041EE,
0200487C,REFR,020041EF,
0200487F,REFR,020041EF,
02004880,REFR,020041EF,
02004881,REFR,000D8277,
02004882,REFR,020045B1,
02004883,REFR,00048AC0,
02004884,ACHR,0200BF5C,Easy
02004886,REFR,0200825D,
020048B6,REFR,0200825D,
020048B7,ACHR,0200BF5C,Easy
020048B8,REFR,00000032,
020048BA,ACHR,020071AA,Easy
020048C3,REFR,00000034,
02004908,REFR,00000034,
0200490F,REFR,0200825D,
02004910,ACHR,02004575,Easy
02004924,REFR,00048AC0,
02004925,ACHR,020150AF,Easy
0200492E,REFR,0200825D,
02004957,ACHR,0200BF5E,Easy
02004973,REFR,0200825D,
02004977,ACHR,020150AF,Easy
02004978,REFR,0200825D,
02004979,REFR,020041F0,
0200497A,REFR,020041ED,
0200497D,REFR,0000003B,
0200497E,REFR,000587D4,
0200497F,REFR,0200825D,
02004980,ACHR,020150AF,Easy
02004981,REFR,0200825D,
02004982,ACHR,0200BF5E,Easy
02004983,REFR,0200825D,
02004984,REFR,000587C6,
02004986,REFR,02002911,
0200498C,REFR,020183EE,
0200498E,REFR,020183EE,
02004990,REFR,020183EE,
02004991,REFR,020183EE,
02004992,REFR,000481AD,
02004993,REFR,020041F7,
02004994,REFR,020041F8,
02004995,REFR,020041F9,
02004998,REFR,020041FB,
02004999,REFR,0200825D,
0200499A,REFR,0200825D,
0200499B,REFR,0200825D,
0200499C,REFR,020041ED,
0200499D,REFR,000D2019,
0200499E,REFR,0200E3E2,
020049A1,REFR,000D201B,
02004BDF,REFR,020041F7,
02004BE0,REFR,020041FA,
02004BE1,REFR,020041FB,
02004BE6,REFR,00000034,
02004BED,REFR,00000034,
02004BEE,REFR,00000034,
02004BEF,REFR,00000034,
02004BFD,REFR,0000003B,
02004BFE,REFR,0000003B,
02004BFF,REFR,0000003B,
02004C00,REFR,0201A98A,
02004C02,REFR,02017651,
02004C03,REFR,00000034,
02004C04,REFR,00040BAD,
02004C06,REFR,00040BAD,
02004C0B,REFR,00040BAD,
02004C0C,REFR,00040BAD,
02004C13,REFR,00040BAD,
02004C14,REFR,00040BAD,
02004C15,REFR,00040BAD,
02004C18,REFR,00040BAD,
02004C41,REFR,00040BAD,
02004C46,REFR,00040BAD,
02004C48,REFR,0200C22D,
02004C49,REFR,02007AD9,
02004C4A,REFR,02007AD9,
02004C4B,REFR,02007ADA,
02004C4C,REFR,02007ADA,
02004C4D,REFR,0200933B,
02004C4E,REFR,0200933B,
02004C4F,REFR,0200933B,
02004C50,REFR,0200933B,
02004C51,REFR,0200933B,
02004C52,REFR,0200C22E,
02004C53,REFR,02009340,
02004C54,REFR,0200933C,
02004C55,REFR,00000034,
02004C56,REFR,00000034,
02004C57,REFR,0200C22D,
02004C58,REFR,0200C235,
02004C59,REFR,02012DBA,
02004C5A,REFR,000587D7,
02004C5B,REFR,000587C8,
02004C5C,REFR,000587C8,
02004C5D,REFR,000587C8,
02004C5E,REFR,000587C8,
02004C5F,REFR,000587C8,
02004C60,REFR,000587C8,
02004C61,REFR,000587C8,
02004C62,REFR,000587D7,
02004C63,REFR,000587D7,
02004C64,REFR,000587D7,
02004C65,REFR,000587D7,
02004C66,REFR,000587D7,
02004C67,REFR,000587D7,
02004C68,REFR,0201A6A7,
02004C69,REFR,020059C9,
02004C6A,REFR,00079986,
02004C6B,REFR,00079986,
02004C6C,REFR,0200280E,
02004C6D,REFR,0201A6A7,
02004C6E,REFR,02009343,
02004C6F,ACHR,0200BF5E,Easy
02004C70,REFR,0200825D,
02004C71,REFR,00048AC0,
02004C72,ACHR,0200BF5E,Easy
02004C73,REFR,0200825D,
02004C74,REFR,0200825D,
02004C75,ACHR,020150AF,Easy
02004C76,REFR,0200825D,
02004C77,ACHR,020150AF,Easy
02004C78,REFR,02013F0C,
02004C79,REFR,0000003B,
02004C7A,REFR,0000003B,
02004C7B,REFR,0000003B,
02004C7C,REFR,0000003B,
02004C7D,REFR,0000003B,
02004C7E,REFR,0000003B,
02004C7F,REFR,0000003B,
02004CE5,REFR,02004322,
02004CE6,REFR,02004321,
02004CE7,REFR,02004321,
02004D56,REFR,0200E3E4,
02004D57,REFR,0200E3EC,
02004D5C,REFR,0200CA84,
02004D5D,REFR,0200CA84,
02004D5F,REFR,0200CA84,
02004D74,REFR,0200CA84,
02004D7C,REFR,0200CA84,
02004D7E,REFR,0200CA84,
02004D8B,REFR,0200F9EA,
02004D8C,REFR,0200F9F1,
02004D8D,REFR,0200F9F0,
02004D8E,REFR,0200F9EA,
02004D8F,REFR,0200F9F0,
02004D90,REFR,0200F9F1,
02004D91,REFR,0200F9FA,
02004D93,REFR,0200F9EA,
02004D94,REFR,0200F9FA,
02004D95,REFR,0200F9F0,
02004D97,REFR,0200E3E4,
02004D98,REFR,020059C2,
02004D99,REFR,020040A5,
02004D9A,REFR,02007AD9,
02004D9B,REFR,0200E3F0,
02004D9C,REFR,0200E3F0,
02004D9E,REFR,0200E3F0,
02004DA3,REFR,0200C235,
02004DA8,REFR,0200C235,
02004E28,REFR,0200C235,
02004E2A,REFR,0200C235,
02004E2C,REFR,0200C22E,
02004E2D,REFR,0200C235,
02004E2F,REFR,0200C235,
02004E30,REFR,0200C235,
02004E31,REFR,0200C235,
02004E33,REFR,0200C22D,
02004E34,REFR,02007ADA,
02004E36,REFR,02004332,
02004E37,REFR,02004332,
02004E38,REFR,02004333,
02004E39,REFR,02004332,
02004E3A,REFR,02004332,
02004E3B,REFR,02004333,
02004E3C,REFR,02003BDA,
02004E3D,REFR,02003BD9,
02004E3E,REFR,02003BD9,
02004E3F,REFR,02003BD9,
02004E40,REFR,0200C22E,
02004E41,REFR,02007AD8,
02004E42,REFR,02003BD9,
02004E43,REFR,02003BD9,
02004E44,REFR,02003BDA,
02004E45,REFR,02003BDA,
02004E46,REFR,02003BDA,
02004E47,REFR,02003BD9,
02004E48,REFR,02003BD9,
02004E49,REFR,02003BD9,
02004E4A,REFR,02004332,
02004E4B,REFR,02004333,
02004E4C,REFR,02007AD8,
02004E4D,REFR,02003BDB,
02004E4E,REFR,02003BDA,
02004E4F,REFR,02003BDA,
02004E50,REFR,02003BDA,
02004E51,REFR,02004332,
02004E52,REFR,0200C22E,
02004E61,REFR,0200C22E,
02004E62,REFR,0200C22E,
02004E63,REFR,0200C22E,
02004E74,REFR,0200C22E,
02004E75,REFR,0200C22E,
02004E76,REFR,0200C22E,
02004E77,REFR,0200C235,
02004E78,REFR,0200C235,
02004E7A,REFR,0200C235,
02004E7B,REFR,0200C235,
02004E81,REFR,0200E3F0,
02004E8E,REFR,0200E3F0,
02004E8F,REFR,0200C22D,
02004E90,REFR,0200C22D,
02004E91,REFR,0200C22E,
02004E92,REFR,0200C22D,
02004E93,REFR,0200C22E,
02004E94,REFR,0200C22E,
02004E96,REFR,0200933A,
02004E98,REFR,0200C235,
02004E99,REFR,0200C22E,
02004E9A,REFR,0200C235,
02004E9C,REFR,02007ADA,
02004E9D,REFR,02009343,
02004EA9,REFR,02007ADA,
02004EAB,REFR,02007ADA,
02004EAC,REFR,02009343,
02004EAD,REFR,02007ADA,
02004EAE,REFR,02007AD8,
02004EAF,REFR,0200C22E,
02004EB0,REFR,0200C22E,
02004EB2,REFR,0200C22E,
02004EB3,REFR,0200C22D,
02004EBF,REFR,0201181C,
02004EC4,REFR,0201181C,
02004EC6,REFR,0001A6E2,
02004EC7,REFR,0200C22E,
02004EC8,REFR,0200C22E,
02004EC9,REFR,0200C22E,
02004ECA,REFR,02007ADA,
02004ECC,REFR,0001819A,
02004ECD,REFR,00018BA5,
02004ECE,REFR,0001B0A8,
02004ED3,REFR,0001A6E2,
02004ED4,REFR,0201181C,
02004EDF,REFR,0001A6E2,
02004EE2,REFR,02013247,
02004EE3,REFR,02011810,
02004EE4,REFR,02012BA4,
02004EE5,REFR,02011808,
02004EEB,REFR,0200E9E8,
02004EF0,REFR,02007AD8,
02004EF3,REFR,02007ADA,
02004EF7,REFR,02007ADA,
02004EF8,REFR,0200933C,
02004EF9,REFR,0200C22E,
02004EFA,REFR,0200E3E7,
02004EFB,REFR,0200E3E6,
02004EFC,REFR,0200E3E2,
02004EFD,REFR,02011811,
02004EFE,REFR,0200E3EC,
02004EFF,REFR,0200E3E5,
02004F00,REFR,0200E3E4,
02004F02,REFR,0200E3EB,
02004F03,REFR,0200E3E3,
02004F04,REFR,0200E3EA,
02004F05,REFR,0200E3E2,
02004F06,REFR,0200E3E9,
02004F07,REFR,0200933C,
02004F08,REFR,0200933C,
02004F09,REFR,02007ADA,
02004F0A,REFR,02007ADA,
02004F0B,REFR,02007ADA,
02004F0D,REFR,02007ADA,
02004F0E,REFR,02007ADA,
02004F0F,REFR,02007ADA,
02004F10,REFR,02007ADA,
02004F11,REFR,02007ADA,
02004F12,REFR,02007ADA,
02004F14,REFR,02007AD8,
02004F15,REFR,0200C22E,
02004F16,REFR,0200C22E,
02004F17,REFR,0200C22E,
02004F18,REFR,0200C22E,
02004F19,REFR,0200C22D,
02004F1A,REFR,02002814,
02004F1B,REFR,0200280D,
02004F1C,REFR,020059CA,
02004F1D,REFR,0200C22D,
02004F1E,REFR,0200C22E,
02004F1F,REFR,02007AD8,
02004F20,REFR,02007AD8,
02004F21,REFR,02007AD8,
02004F22,REFR,02007AD8,
02004F23,REFR,02009343,
02004F24,REFR,02009343,
02004F25,REFR,0200933A,
02004F26,REFR,0200933F,
02004F27,REFR,02007AD9,
02004F28,REFR,0200933F,
02004F29,REFR,02007AD9,
02004F2A,REFR,02007AD9,
02004F2B,REFR,02007AD9,
02004F2C,REFR,02007AD9,
02004F2D,REFR,0200933F,
02004F2E,REFR,02007AD9,
02004F2F,REFR,0200933F,
02004F30,REFR,0200C235,
02004F31,REFR,0200C235,
02004F32,REFR,0200C235,
02004F33,REFR,0200933A,
02004F34,REFR,0200933A,
02004F35,REFR,0200C235,
02004F36,REFR,0200C235,
02004F37,REFR,0200C235,
02004F38,REFR,02009343,
02004F39,REFR,02009343,
02004F3A,REFR,02002842,
02004F3B,REFR,0200C22E,
02004F3C,REFR,0200C22E,
02004F3D,REFR,0200C22D,
02004F3E,REFR,0200C22E,
02004F3F,REFR,0200C22E,
02004F40,REFR,0200C22E,
02004F41,REFR,0200C22E,
02004F42,REFR,0200C22E,
02004F47,REFR,0200C22E,
02004F48,REFR,0200C22E,
02004F49,REFR,0200C22E,
02004F50,REFR,0200C22E,
02004F51,REFR,0200C22E,
02004F52,REFR,0200C22E,
02004F53,REFR,0200C22E,
02004F54,REFR,0200C22D,
02004F57,REFR,0200C22E,
02004F58,REFR,0200C22E,
02004F59,REFR,0200C22E,
02004F5A,REFR,0200C22E,
02004F5B,REFR,0200C22E,
02004F5C,REFR,0200C22E,
02004F5D,REFR,0200C22E,
02004F5E,REFR,0200C22E,
02004F5F,REFR,000201F4,
02004F60,REFR,000485BF,
02004F61,REFR,0200C22E,
02004F62,REFR,0200C22E,
02004F65,REFR,0200C22E,
02004F66,REFR,0200C22E,
02004F67,REFR,00027D1F,
02004F68,REFR,0200C22E,
02004F69,REFR,0200C22E,
02004F6A,REFR,02009343,
02004F6B,REFR,02009343,
02004F6C,REFR,0200C22E,
02004F6D,REFR,0200C22E,
02004F6F,REFR,00027D1F,
02004F71,REFR,0200C22E,
02004F72,REFR,0200C22E,
02004F73,REFR,0200C22E,
02004F74,REFR,02009343,
02004F75,REFR,0200C235,
02004F76,REFR,02010BA4,
02004F77,REFR,02010BAD,
02004F78,REFR,02010BAE,
02004F79,REFR,02013F0C,
02004F7A,REFR,0000003B,
02004F7B,REFR,0000003B,
02004F7C,REFR,0000003B,
02004F7D,REFR,0000003B,
02004F7E,REFR,0000003B,
02004F7F,REFR,0000003B,
02004F80,REFR,02013F0C,
02004F81,REFR,0000003B,
02004F82,REFR,0000003B,
02004F83,REFR,0000003B,
02004F84,REFR,0000003B,
02004F88,REFR,0201A98A,
02004F89,REFR,02017651,
02004F8A,REFR,0000003B,
02004F8C,REFR,0000003B,
02004F8D,REFR,0000003B,
02004F98,REFR,00000034,
02004F99,REFR,02004333,
02004F9C,REFR,02017651,
02004F9D,REFR,02017651,
02004F9E,REFR,02017651,
02004F9F,REFR,0200E3E9,
02004FA0,REFR,0200E3E8,
02004FC7,REFR,020041F2,
02004FC8,REFR,020041EB,
02004FC9,REFR,020041EB,
02004FCC,REFR,020041FA,
02004FF2,REFR,020041F8,
02005019,REFR,020041F7,
020050D9,REFR,0200C22E,
020050DA,REFR,0200C22E,
020050DB,REFR,0200C235,
020050DC,REFR,0200C22E,
020050DD,REFR,0200E3EC,
020050DE,REFR,0200C22E,
020050DF,REFR,0200C235,
020050E0,REFR,0200C22D,
020050E1,REFR,02015FF1,
020050E2,REFR,02017651,
020050E3,REFR,0200E3E7,
020050E4,REFR,0200C235,
020050E5,REFR,0200C22E,
020050E6,REFR,0200C22E,
020050E7,REFR,02015FF1,
020050E8,REFR,02017651,
020050E9,REFR,02015FF1,
020050EA,REFR,02017651,
020050EB,REFR,0200C235,
020050EC,REFR,0200C235,
020050ED,REFR,0200C235,
020050EE,REFR,0200C235,
020050EF,REFR,0006F273,
020050F0,REFR,0200589B,
020050F1,REFR,0200589B,
020050F2,REFR,02006AA5,
020050F3,REFR,00073CE6,
020050F4,REFR,0200E3EB,
020050F5,REFR,0200E3E3,
020050F6,REFR,00073CE6,
020050F7,REFR,02006AA4,
020050F8,REFR,02006AA6,
020050F9,REFR,0200E3EA,
020050FA,REFR,0200C235,
020050FB,REFR,0200C235,
020050FC,REFR,0200C22E,
020050FD,REFR,0200C235,
02005102,REFR,0200C235,
02005103,REFR,0200C22E,
02005104,REFR,0200C235,
02005105,REFR,0200C235,
02005106,REFR,0200C235,
02005107,REFR,0200E3E7,
02005108,REFR,0200E3E2,
02005109,REFR,0200C22E,
0200510A,REFR,020141A9,
0200510B,REFR,020141AB,
0200510C,REFR,0200588F,
0200510E,REFR,02003BDA,
0200510F,REFR,02002814,
02005110,REFR,02003BDA,
02005113,REFR,02005899,
02005118,REFR,02003BDA,
02005119,REFR,0200DDB5,
0200511A,REFR,0200E9E8,
0200511B,REFR,0200E9E8,
0200511C,REFR,020059C2,
0200511D,REFR,020059C2,
0200511E,REFR,020059C2,
0200511F,REFR,020059C2,
02005120,REFR,020059C2,
02005122,REFR,02012BA4,
02005123,REFR,02012BA4,
02005124,REFR,0200E3E5,
02005125,REFR,0200E3E5,
02005126,REFR,0200E3EC,
02005127,REFR,0200E3EB,
02005128,REFR,0200E3E5,
02005129,REFR,0200E3EC,
0200512A,REFR,0200E3E5,
0200512B,REFR,0200E3EB,
0200512C,REFR,0200E3E4,
0200512D,REFR,020141AB,
0200512E,REFR,020141A9,
0200512F,REFR,0200C235,
02005130,REFR,0006F273,
02005131,REFR,0200C230,
0200514A,REFR,000140BD,
0200514B,REFR,000140BD,
0200514C,ACHR,0201A8EF,
02005162,REFR,00000032,
0200516C,ACHR,0201A8EF,
0200516D,REFR,000140BD,
0200516E,REFR,000140BD,
0200516F,REFR,000140BD,
02005170,REFR,000140BD,
02005171,REFR,000D8277,
02005172,REFR,00048AC0,
02005173,ACHR,02004575,Easy
02005174,REFR,0200825D,
02005175,REFR,00000032,
02005176,REFR,0200825D,
02005177,ACHR,02004575,Easy
02005178,REFR,0200E3E9,
02005179,REFR,0200C235,
0200517A,REFR,0200E3E9,
0200517B,REFR,0200E3E8,
0200517C,REFR,020045B2,
0200517D,REFR,0200E3E8,
0200517E,REFR,0200E3E9,
0200517F,REFR,0200E3E9,
02005180,REFR,02015FF1,
02005181,REFR,02017651,
02005182,REFR,020059C2,
0200541B,REFR,02018EF7,
0200549B,REFR,02003AD4,
020055D2,REFR,0200C235,
020055D3,REFR,00079986,
020055D4,REFR,0201A6A7,
020055D5,REFR,000587D7,
020055D6,REFR,000587D7,
020055D7,REFR,000587D7,
020055D8,REFR,000587D7,
020055D9,REFR,000587D7,
020055DA,REFR,000587D7,
020055DB,REFR,000587D7,
020055DC,REFR,0200280E,
020055DD,REFR,020059C9,
020055DE,REFR,00079986,
020055DF,REFR,0201A6A7,
020055E0,REFR,000587C4,
020055E2,REFR,000587C4,
020055E3,REFR,000587C4,
020055E4,REFR,000587C4,
020055E5,REFR,000587C4,
020055E6,REFR,000587C4,
020055E7,REFR,000587C4,
020055E8,REFR,0200BF4E,
020055E9,REFR,0200BF4B,
020055EA,ACHR,02008B34,
020055EB,REFR,0000003B,
02005600,REFR,0200280F,
02005602,REFR,0200BF49,
02005603,REFR,020040A5,
02005604,REFR,000587C4,
02005605,REFR,000587D7,
02005606,REFR,000587C4,
02005607,REFR,000587D7,
02005608,REFR,000587C4,
02005609,REFR,000587D7,
0200560A,REFR,000587C4,
0200560B,REFR,000587D7,
0200560C,REFR,000587C4,
0200560D,REFR,000587D7,
0200560E,REFR,000587C4,
0200560F,REFR,000587D7,
02005610,REFR,0201A98A,
02005611,REFR,0000003B,
02005612,REFR,0000003B,
02005613,REFR,02003AD3,
02005614,REFR,02003AD5,
02005616,REFR,0000003B,
02005617,REFR,02017651,
02005618,REFR,0200C22E,
02005619,REFR,0200C22E,
0200561A,REFR,0200C22E,
0200561B,REFR,0200C22E,
0200561C,REFR,0200C22E,
0200561D,REFR,0200C22E,
0200561E,REFR,0200C235,
0200561F,REFR,00000034,
02005620,REFR,0000003B,
02005621,REFR,000587D4,
02005622,REFR,0200825D,
02005624,ACHR,020150AF,Easy
02005625,REFR,0200825D,
02005626,ACHR,0200BF5E,Easy
02005627,REFR,0200825D,
02005628,REFR,000587C6,
02005629,REFR,020183EE,
0200562A,REFR,02002911,
0200562B,REFR,020183EE,
0200562C,REFR,020183EE,
0200562D,REFR,020183EE,
0200562E,REFR,020183EE,
0200562F,REFR,020183EE,
02005630,REFR,020183EE,
02005631,REFR,020183EE,
02005632,REFR,020183EE,
02005633,REFR,020183EE,
02005634,REFR,020183EE,
02005635,REFR,020183EE,
02005636,REFR,000481AD,
02005643,ACHR,02004575,Easy
02005644,REFR,02015461,
02005645,REFR,0200E3EC,
02005646,REFR,0200E3E3,
02005648,REFR,0200E3E3,
02005649,REFR,0200E3E4,
0200564A,REFR,0200E3E9,
0200564B,REFR,0200E3E2,
0200564C,REFR,0200E3E2,
0200564D,REFR,02012DBA,
0200564E,REFR,02012DBA,
0200564F,REFR,02012DBA,
02005650,REFR,02012DBA,
02005651,REFR,02012DBA,
02005653,REFR,0200E3EC,
02005655,REFR,0200E3E2,
02005656,REFR,0200E3EB,
02005657,REFR,02012DBA,
02005658,REFR,0200825D,
02005659,REFR,00048AC0,
0200565A,REFR,0200E3EC,
0200565B,REFR,0200E3E6,
0200565C,REFR,0200E3E2,
0200565E,ACHR,020150AF,Easy
0200565F,REFR,0200825D,
02005660,ACHR,020150AF,Easy
02005661,REFR,0200825D,
02005662,REFR,020183EE,
02005663,REFR,020183EE,
02005665,REFR,020183EE,
02005666,REFR,020183EE,
02005667,REFR,020183EE,
02005668,REFR,020183EE,
02005669,REFR,020183EE,
0200566A,REFR,020183EE,
0200566B,REFR,020183EE,
0200566C,REFR,020183EE,
0200566D,REFR,020183EE,
0200566E,REFR,020183EE,
02005681,REFR,020183EE,
02005682,REFR,020183EE,
02005683,REFR,020183EE,
02005684,REFR,020183EE,
02005685,REFR,020183EE,
02005686,REFR,020183EE,
02005687,REFR,020183EE,
02005688,REFR,020183EE,
02005689,REFR,020183EE,
0200568A,REFR,020183EE,
0200568B,REFR,020183EE,
0200568C,REFR,020183EE,
0200568D,REFR,020183EE,
0200568E,REFR,000D8277,
0200568F,REFR,020045B0,
02005691,REFR,000368B8,
02005692,REFR,000368C2,
02005693,REFR,000368C2,
02005694,REFR,000368B8,
02005695,REFR,000368B8,
020056C2,REFR,000368C2,
020056CD,REFR,000368B8,
020056CE,REFR,00088238,
020056CF,REFR,000481AD,
020056D0,REFR,000481B0,
020056D1,REFR,0002E4E2,
020056D2,REFR,0002E4E2,
020056D3,REFR,00048AC0,
020056D4,ACHR,020150AF,Easy
020056D5,ACHR,0200BF5E,Easy
020056D6,REFR,00000032,
020056D7,REFR,0200825D,
020056D8,REFR,0200825D,
020056DF,REFR,0200825D,
020056E3,ACHR,020150AF,Easy
020056E4,REFR,0200825D,
020056E9,ACHR,0200BF5E,Easy
0200570E,REFR,00000032,
0200570F,REFR,0200825D,
02005710,REFR,0001E595,
02005711,ACHR,0200BF5E,Easy
02005712,REFR,02012DB9,
02005713,REFR,02012DB9,
02005714,REFR,0200F9F2,
02005715,REFR,0200F9EE,
02005716,REFR,0200F9F2,
02005717,REFR,0200F9FA,
02005718,REFR,0200F9F1,
02005719,REFR,0200F9F0,
0200571A,REFR,0200F9F0,
0200571C,REFR,0200F9F0,
0200571D,REFR,0200F9F1,
0200571E,REFR,0200F9FA,
02005722,REFR,0200E3E9,
02005723,REFR,0200E3E6,
02005724,REFR,0200E3E2,
02005725,REFR,0200C22E,
02005726,REFR,0200C22E,
02005727,REFR,0200C22E,
02005728,REFR,0200C22D,
02005729,REFR,0200C22E,
0200572A,REFR,0200C22E,
0200572B,REFR,0200C22E,
0200572C,REFR,0200C22E,
02005732,REFR,0008CDDE,
02005733,REFR,020183EE,
02005738,REFR,020183EE,
02005739,REFR,020183EE,
0200573A,REFR,020183EE,
0200573C,REFR,020183EE,
0200573F,REFR,020183EE,
02005742,REFR,020183EE,
02005743,REFR,020183EE,
02005745,REFR,020183EE,
02005746,REFR,020183EE,
02005749,REFR,000368B8,
0200574A,REFR,000368C2,
0200574B,REFR,000368C2,
0200574C,REFR,000368C2,
0200574E,REFR,000368C2,
02005751,REFR,000368B8,
02005752,REFR,020183EE,
02005753,REFR,020183EE,
02005754,REFR,020183EE,
0200575D,REFR,020183EE,
0200575F,REFR,000368B8,
02005760,REFR,000368C2,
02005765,REFR,000368B8,
02005768,REFR,000368C2,
0200576A,REFR,000368B8,
0200576B,REFR,000368C2,
0200576C,REFR,000368C2,
0200576D,REFR,000368C2,
0200576E,REFR,000368C2,
0200576F,REFR,0200E3EC,
02005770,REFR,0200E3EB,
02005771,REFR,00088238,
02005772,REFR,0200C22E,
02005773,REFR,0200C22E,
02005774,REFR,0200C235,
02005775,REFR,0200C235,
02005776,REFR,0200C235,
02005777,REFR,0200C235,
02005778,REFR,0200C235,
02005779,REFR,0200FA0A,
0200577A,REFR,0200F9F2,
0200577B,REFR,0200F9FA,
0200577C,REFR,0200F9FA,
0200577D,REFR,0200F9F0,
0200577E,REFR,0200F9F1,
0200577F,REFR,0200F9FA,
02005780,REFR,0200F9FA,
02005781,REFR,0200FA0A,
02005782,REFR,0200E3EA,
02005783,REFR,0200E3E8,
02005784,REFR,0200E3E9,
02005785,REFR,0200E3E9,
02005786,REFR,02009343,
02005787,REFR,02009343,
02005788,REFR,02009343,
02005789,REFR,02009343,
0200578A,REFR,00048AC0,
0200578B,REFR,020183EE,
0200578D,REFR,020183EE,
0200578E,REFR,02009343,
0200578F,REFR,00038A49,
02005790,REFR,0200E3EB,
02005791,REFR,02009343,
02005792,REFR,0200C22F,
02005793,REFR,0200E3F0,
02005794,REFR,0200C22F,
02005795,REFR,0200E3F0,
02005796,REFR,00048AC0,
02005798,REFR,0200E3EB,
02005799,REFR,0200E3EB,
0200579A,REFR,02012DB9,
0200579B,REFR,02012DB9,
0200579C,REFR,000140BD,
0200579D,REFR,000140BD,
0200579E,REFR,000140BD,
020057A1,REFR,000140BD,
020057A2,REFR,0200C22D,
020057A3,REFR,00040BAF,
020057A4,REFR,020040A5,
020057A5,REFR,0201A6A7,
020057A6,REFR,020059C9,
020057A7,REFR,000587D7,
020057A8,REFR,000587D7,
020057A9,REFR,000587C4,
020057AA,REFR,000587C4,
020057AB,REFR,000587C4,
020057AC,REFR,000587C4,
020057AD,REFR,000587C4,
020057AE,REFR,000587C4,
020057AF,REFR,000587C4,
020057B0,REFR,000587C4,
020057B1,REFR,000587D7,
020057B2,REFR,000587D7,
020057B3,REFR,000587D7,
020057B4,REFR,000587D7,
020057B5,REFR,000587D7,
020057B6,REFR,000587D7,
020057B7,REFR,000587C4,
020057B8,REFR,000587D7,
020057B9,REFR,000587C4,
020057BA,REFR,000587D7,
020057BB,REFR,000587C4,
020057BC,REFR,000587D7,
020057BD,REFR,000587C4,
020057BE,REFR,000587D7,
020057BF,REFR,000587C4,
020057C0,REFR,000587D7,
020057C1,REFR,00079986,
020057C2,REFR,00079986,
020057C3,REFR,0201A6A7,
020057C5,REFR,0200C232,
020057C6,REFR,0200E3E8,
020057C7,REFR,0200E3E8,
020057C8,REFR,0200C232,
020057C9,REFR,0200E3E8,
020057CA,ACHR,020150B3,Easy
020057CB,REFR,000D8738,
020057CC,REFR,0005AFD7,
020057CD,REFR,00000032,
020057CE,REFR,0200E3E9,
020057CF,REFR,0200E3EC,
020057D0,REFR,0200E3E3,
020057D1,REFR,0200E3EC,
020057D2,REFR,0200E3EC,
020057D3,REFR,0200E3E3,
020057D4,REFR,0200E3EC,
020057D5,ACHR,020150AF,Easy
020057D6,REFR,0200825D,
020057D7,ACHR,0200BF5E,Easy
020057D8,REFR,0200825D,
020057D9,ACHR,020150AF,Easy
020057DA,REFR,0200825D,
020057DB,ACHR,020150AF,Easy
020057DC,REFR,0200825D,
020057DD,REFR,00048AC0,
020057DE,REFR,0200825D,
020057DF,ACHR,020150AF,Easy
020057E0,REFR,0200DDB5,
020057E1,REFR,02012DBA,
020057E3,REFR,02012DBA,
020057E4,REFR,02012DB9,
020057E5,REFR,02012DB9,
020057E6,ACHR,000B9FD8,
020057E7,REFR,000D8E80,
020057E9,REFR,000140BD,
020057EA,REFR,00064106,
020057EB,REFR,00064106,
020057EC,REFR,00064106,
020057EE,ACHR,02015DF4,Easy
020057EF,ACHR,0201A4FD,Easy
020057F3,REFR,0200C232,
020057F4,REFR,02017651,
020057F5,REFR,0201A98A,
020057F6,REFR,0000003B,
020057F7,REFR,0000003B,
020057F8,REFR,0000003B,
020057F9,REFR,020041E8,
020057FA,REFR,0200E3EC,
020057FB,REFR,020041F7,
020057FC,REFR,020041F8,
020057FD,REFR,0200E3E3,
020057FE,REFR,020059CB,
020057FF,REFR,020059CB,
02005800,REFR,00000034,
02005801,ACHR,000B9FD8,
02005802,REFR,00035F4B,
02005803,REFR,02014DC4,
02005804,REFR,02014DC4,
02005805,REFR,02014DC4,
02005806,REFR,000B7879,
02005807,REFR,000D8E80,
02005808,REFR,000EDDD4,
02005809,REFR,0001C1FE,
0200580A,REFR,000E3E9A,
0200580B,REFR,00065A60,
0200580C,REFR,00065A60,
0200580D,REFR,00065A60,
0200580E,REFR,000A44AA,
0200580F,REFR,00000032,
02005810,REFR,0200825D,
02005811,ACHR,0200BF5C,Easy
02005812,REFR,00048AC0,
02005813,REFR,0200E3EC,
02005814,REFR,0200E3EC,
02005815,REFR,0200C232,
02005816,REFR,00000021,
02005818,REFR,00000021,
02005819,REFR,0200E3EC,
0200581A,REFR,00000021,
02005872,REFR,02005871,
02005877,REFR,02005876,
020059AC,REFR,00073CE5,
020059AD,REFR,00073CE6,
020059AE,REFR,00073CE5,
020059B6,REFR,020059B2,
020059B7,REFR,020059B3,
020059B8,REFR,020059B4,
02005DAF,REFR,020176F6,
02006345,REFR,00052FF5,
02006346,ACHR,0201A4FA,Easy
02006347,ACHR,0201A4FC,Easy
0200634A,REFR,000140BD,
02006350,REFR,000140BD,
02006351,ACHR,0201A8EF,
02006352,REFR,000140BD,
02006353,REFR,000140BD,
02006354,REFR,000140BD,
02006355,REFR,000140BD,
02006356,ACHR,0201A8EF,
02006357,REFR,000140BD,
02006358,REFR,000140BD,
02006359,REFR,000140BD,
0200635A,REFR,000140BD,
0200635B,REFR,000140BD,
0200635C,REFR,00000032,
0200635D,REFR,00052FF5,
0200635E,ACHR,0201A503,Easy
02006361,ACHR,02004575,Medium
02006362,REFR,0200825D,
02006363,REFR,00048AC0,
02006364,REFR,00074A37,
02006365,REFR,0008992F,
02006366,REFR,000571B1,
0200636D,REFR,0010DDBB,
0200636E,REFR,0010DDBB,
0200636F,REFR,0010DDBB,
0200637F,REFR,000140BD,
02006380,REFR,000140BD,
02006381,REFR,000AF5FD,
02006382,REFR,000140BD,
02006383,ACHR,0201A8EF,
02006384,REFR,000140BD,
02006385,REFR,000140BD,
02006386,REFR,000140BD,
02006387,REFR,000140BD,
02006388,REFR,000140BD,
02006389,REFR,000140BD,
0200638A,REFR,000140BD,
0200638B,ACHR,0201A8EF,
0200638C,REFR,0010782F,
0200638D,REFR,000140BD,
0200638E,REFR,000140BD,
0200638F,REFR,000140BD,
02006390,REFR,000140BD,
02006391,REFR,000140BD,
02006392,REFR,000140BD,
02006393,ACHR,0201A8EF,
02006394,REFR,00016C95,
02006395,ACHR,0201A4FE,Easy
02006396,REFR,00000032,
02006397,REFR,000140BD,
02006398,REFR,000140BD,
02006399,REFR,000140BD,
0200639C,REFR,000140BD,
0200639D,ACHR,0201A8EF,
0200639E,REFR,000140BD,
0200639F,REFR,000140BD,
020063A0,REFR,000140BD,
020063A1,REFR,000140BD,
020063A2,ACHR,0201A8EF,
020063A3,REFR,000140BD,
020063A4,REFR,000140BD,
020063A5,REFR,000140BD,
020063A6,REFR,000140BD,
020063A7,ACHR,0201A8EF,
0200642A,REFR,0200E3F0,
0200642B,REFR,0200E3F0,
0200643A,REFR,0200E3F0,
0200643B,REFR,0200E3F0,
0200643D,REFR,0200C22E,
0200643E,REFR,0200C22E,
0200643F,REFR,0200C22E,
02006440,REFR,0200C22E,
02006441,REFR,0000003B,
02006442,REFR,0200280C,
02006443,REFR,0200280D,
02006444,REFR,0200280E,
02006445,REFR,0200280C,
02006446,REFR,02002814,
02006447,REFR,02002814,
02006448,REFR,0200280C,
02006449,REFR,0200280D,
0200644A,REFR,0200280E,
0200644B,REFR,0200280C,
0200644C,REFR,0200280C,
0200644D,REFR,0200280C,
0200644E,REFR,0200280D,
0200644F,REFR,0200280E,
02006450,REFR,0200280C,
02006451,REFR,0200280D,
02006452,REFR,0200280E,
02006453,REFR,0200280C,
02006454,REFR,02002814,
02006455,REFR,0200280D,
02006456,REFR,0200280E,
02006457,REFR,0200280C,
02006458,REFR,0200280C,
020064A8,REFR,0200C22E,
020064AB,ACHR,02007B0F,
020064AC,REFR,0200C22E,
020064AD,REFR,0200C22E,
020064AE,REFR,0200C22E,
020064AF,REFR,0200C22E,
020064B0,REFR,0200C22E,
020064B1,REFR,0200C22E,
020064B2,REFR,0200C22E,
020064B4,REFR,0200C22E,
020064CD,REFR,0200C22E,
020064D0,REFR,0200C22E,
020064FC,REFR,0200C22F,
02006505,REFR,0200C22E,
0200651B,REFR,0200C22E,
02006521,REFR,02018EF7,
0200653B,REFR,0200933F,
02006554,REFR,0200933F,
02006555,REFR,020183EE,
020065BE,REFR,020183EE,
020065D2,REFR,020059C0,
020065FB,REFR,020041FD,
020065FC,REFR,02017651,
020065FD,REFR,0200C22E,
020065FE,REFR,0200C22E,
020065FF,REFR,0200C22E,
02006600,REFR,0200C22E,
02006679,REFR,0200C22E,
0200667A,REFR,0200C22E,
0200667B,REFR,0002EE05,
0200667C,REFR,0005D6EA,
0200667D,REFR,000C56C4,
0200669B,REFR,0007EA40,
020066A5,REFR,00093D45,
020066A6,REFR,00040BAD,
020066A7,REFR,00040BAD,
020066A8,REFR,00040BAD,
020066A9,REFR,00040BAD,
020066AA,REFR,00040BAD,
020066AB,REFR,00040BAD,
020066AC,REFR,00040BAD,
020066AD,REFR,00040BAD,
020066AE,REFR,00040BAD,
020066AF,REFR,00040BAD,
020066B0,REFR,020059C0,
020066B1,REFR,0200E3EC,
020066B3,REFR,0200E3E5,
020066B4,REFR,0200E3E4,
020066B5,REFR,0200E3EB,
020066B6,REFR,0200E3E3,
020066B7,REFR,0200E3EA,
020066B8,REFR,0200E3E4,
020066B9,REFR,0200E3E5,
020066BB,REFR,0200E3EF,
020066BC,REFR,0200C22E,
020066BD,REFR,0200C22E,
020066BE,REFR,0200C22E,
020066BF,REFR,0200C22E,
020066C5,REFR,0200C22E,
020066C6,REFR,0200C22E,
020066C7,REFR,0200C22E,
020066C8,REFR,0200C22E,
020066CA,REFR,02007AD9,
020066CB,REFR,02007AD9,
020066CC,REFR,02007AD9,
020066CD,REFR,0200E3F0,
020066CE,REFR,0200E3EB,
020066CF,REFR,0200E3EA,
020066D0,REFR,0200E3EA,
020066D1,REFR,0200E3E4,
020066D2,REFR,0200E3E4,
020066D4,REFR,0200E3E4,
020066D5,REFR,0200E3E4,
020066D6,REFR,0200E3E4,
020066D7,REFR,0200E3E4,
020066D8,REFR,0200E3EA,
020066D9,REFR,0200E3E3,
020066DA,REFR,0200E3E4,
020066DB,REFR,0200E3EA,
020066DC,REFR,0200E3E3,
020066DD,REFR,0200E3EA,
020066DE,REFR,0200505C,
020066E0,REFR,020066DF,
020066E1,REFR,020066E8,
020066E2,REFR,020066E6,
020066E4,REFR,020066E7,
020066E5,REFR,00065121,
020066E9,REFR,00038A49,
020066EA,ACHR,0201A73E,Easy
020066EB,REFR,00089D2B,
020066ED,REFR,00089D2B,
020066EE,REFR,00089D2B,
020066EF,REFR,02013F0C,
020066F0,REFR,0000003B,
020066F1,REFR,0000003B,
020066F2,REFR,0000003B,
020066F7,REFR,000FA41D,
020066F8,REFR,000FA41F,
020066FA,REFR,000FA421,
020066FB,REFR,000FA421,
020066FC,REFR,000FA421,
020066FD,REFR,000FA421,
020066FE,REFR,000FA421,
020066FF,REFR,0200825D,
02006700,REFR,00040BAD,
02006701,REFR,00040BAD,
02006702,REFR,00040BAD,
02006703,REFR,00040BAD,
02006704,REFR,00040BAD,
02006705,REFR,00040BAD,
02006706,REFR,00040BAD,
02006707,REFR,00040BAD,
02006708,REFR,00040BAD,
02006709,REFR,00040BAD,
0200670A,REFR,00040BAD,
0200670B,REFR,00040BAD,
0200670C,REFR,02015FDF,
0200670D,ACHR,0200BF5E,Easy
0200670E,REFR,0200E3E2,
0200670F,REFR,0200E3E4,
02006710,REFR,02013F0C,
02006711,REFR,0000003B,
02006712,REFR,0000003B,
02006713,REFR,0000003B,
02006714,REFR,0000003B,
02006715,REFR,0000003B,
02006716,REFR,0000003B,
02006717,REFR,02013F0C,
02006719,ACHR,020150AF,Easy
0200671B,REFR,0200825D,
0200671C,REFR,0200825D,
0200671D,ACHR,0200BF5E,Easy
0200671E,ACHR,020150AF,Easy
0200671F,REFR,0200825D,
02006720,REFR,020066F5,
02006721,REFR,020066F3,
02006722,REFR,020066F6,
02006723,REFR,02009341,
02006724,REFR,02007AD8,
02006725,REFR,0200933E,
02006726,REFR,02009341,
02006727,REFR,0200933E,
02006728,REFR,02009341,
02006729,REFR,02007AD8,
0200672A,REFR,02007ADA,
0200672B,REFR,02009341,
0200672C,REFR,02007ADA,
0200672D,REFR,02007ADA,
0200672E,REFR,02009341,
0200672F,REFR,0200E3EF,
02006730,REFR,0200C230,
02006731,REFR,02018EF7,
02006732,REFR,0200C22D,
02006733,REFR,0200C22E,
02006734,REFR,02007AD9,
02006735,REFR,0200933E,
02006736,REFR,02007ADA,
02006737,REFR,02009343,
02006738,REFR,02009343,
02006739,REFR,02007AD9,
0200673A,REFR,02009343,
0200673B,REFR,02009343,
0200673C,REFR,0200933E,
0200673D,REFR,02007ADA,
0200673E,REFR,02009343,
0200673F,REFR,02009343,
02006740,REFR,02007AD9,
02006742,REFR,02009343,
02006743,REFR,02009343,
02006744,REFR,02007AD9,
02006745,REFR,02009342,
02006746,REFR,02007ADA,
02006747,REFR,02009343,
02006748,REFR,02009343,
02006749,REFR,02007AD9,
0200674B,REFR,02009343,
0200674C,REFR,02009343,
0200674D,REFR,0200933E,
0200674E,REFR,02007ADA,
0200674F,REFR,02009343,
02006750,REFR,02009343,
02006751,REFR,02007AD9,
02006752,REFR,02009343,
02006753,REFR,02009343,
02006756,REFR,0200E3F0,
02006757,REFR,0200E3F0,
02006758,REFR,0200E3F0,
02006759,REFR,0200E3F0,
0200675B,REFR,0200E3F0,
0200675C,REFR,0200E3F0,
0200675D,REFR,0200E3F0,
0200675E,REFR,0200E3F0,
0200675F,REFR,0200E3F0,
02006760,REFR,0200E3F0,
02006761,REFR,0200E3F0,
02006762,REFR,0200E3F0,
02006763,REFR,0200E3F0,
02006764,REFR,0200E3F0,
02006766,REFR,0200E3F0,
02006767,REFR,0200E3F0,
02006788,REFR,02005894,
02006789,REFR,02012DB9,
0200678A,REFR,0200DDB5,
0200678B,REFR,02005892,
0200678C,REFR,02003BDA,
0200678D,REFR,0200589B,
0200678E,REFR,0200280E,
0200678F,REFR,0200280C,
02006790,REFR,020059C9,
02006791,REFR,020059CA,
02006792,REFR,0200280D,
02006793,REFR,020059C9,
02006795,REFR,0200E9E9,
02006796,REFR,020059C2,
02006797,REFR,0200C22E,
02006798,REFR,0200C235,
02006799,REFR,0200C235,
0200679A,REFR,0200C22E,
0200679B,REFR,0200C235,
0200679C,REFR,0200C235,
0200679E,REFR,020059C2,
020067A4,REFR,02017651,
020067A6,REFR,02017651,
020067A7,REFR,020059C2,
020067A8,REFR,0200C22E,
020067A9,REFR,0200C235,
020067AA,REFR,0200C235,
02006894,REFR,00000017,
02006895,REFR,00000017,
02006896,REFR,00000017,
02006897,REFR,00000017,
02006898,REFR,0200689A,
0200689C,REFR,0200689A,
0200689D,REFR,0200689A,
02006A53,REFR,02004332,
02006A54,REFR,02003BDA,
02006A59,REFR,02003BD9,
02006A5A,REFR,02003BD9,
02006A5B,REFR,02003BDA,
02006A5C,REFR,02004333,
02006A5D,REFR,02005894,
02006A5E,REFR,020059B3,
02006A5F,REFR,0200589B,
02006A60,REFR,02005894,
02006A61,REFR,02003BDB,
02006A62,REFR,02004334,
02006A63,REFR,0200588F,
02006A64,REFR,02003BD9,
02006A65,REFR,02003BDB,
02006A66,REFR,02004333,
02006A6D,REFR,02003BDA,
02006A76,REFR,02004332,
02006A77,REFR,02003BDA,
02006A78,REFR,02003BDA,
02006A7A,REFR,02004334,
02006A7B,REFR,02004334,
02006A7C,REFR,020059B3,
02006A7D,REFR,02004320,
02006A7E,REFR,02004320,
02006A7F,REFR,02004322,
02006A80,REFR,02003BD9,
02006A81,REFR,02003BDA,
02006A82,REFR,02005899,
02006A83,REFR,02005899,
02006A84,REFR,02004332,
02006A88,REFR,02003BDA,
02006A89,REFR,02003BDA,
02006A8A,REFR,02003BDA,
02006A8B,REFR,02004332,
02006A8C,REFR,02005896,
02006A8D,REFR,02003BDB,
02006A91,REFR,02004334,
02006A92,REFR,02003BDA,
02006A93,REFR,02003BDA,
02006A94,REFR,02005890,
02006A95,REFR,020059B2,
02006A96,REFR,02004333,
02006A97,REFR,02004332,
02006A98,REFR,02004334,
02006A9A,REFR,02003BD9,
02006A9D,REFR,02005837,
02006A9F,REFR,02005890,
02006AA7,REFR,02006AA3,
02006AA8,REFR,02006AA4,
02006AA9,REFR,02006AA5,
02006AAA,REFR,02006AA4,
02006AAB,REFR,02006AA3,
02006AAC,REFR,02006AA5,
02006AAD,REFR,02003BDA,
02006AAE,REFR,02005894,
02006AAF,REFR,02004334,
02006AB0,REFR,02004333,
02006AB1,REFR,02004333,
02006AB2,REFR,02004332,
02006AB3,REFR,02004333,
02006AB5,REFR,02002814,
02006AB6,REFR,02002814,
02006AB7,REFR,0200280C,
02006AB9,REFR,020059C9,
02006ABA,REFR,02003BDB,
02006ABB,REFR,02003BD9,
02006ABC,REFR,02004334,
02006ABD,REFR,0200589D,
02006ABE,REFR,02006AA3,
02006ABF,REFR,02004332,
02006AC0,REFR,02004332,
02006AC1,REFR,02004333,
02006AC7,REFR,02003BDB,
02006AC8,REFR,02005899,
02006AC9,REFR,02005899,
02006ACA,REFR,02005894,
02006ACB,REFR,00073CE6,
02006ACC,REFR,00073CE6,
02006ACD,REFR,00077777,
02006AD2,REFR,0200CA84,
02006AD4,REFR,02005892,
02006AD5,REFR,02004322,
02006AD6,REFR,02004322,
02006AD7,REFR,02004320,
02006AD8,REFR,02004320,
02006AD9,REFR,02003BDB,
02006ADF,REFR,02004334,
02006AE2,REFR,0200588F,
02006BB9,REFR,0000003B,
02006EC0,REFR,0200589D,
02006EC1,REFR,02006AA3,
02006EC8,REFR,02004333,
02006EC9,REFR,02003BD9,
02006ECA,REFR,0200588F,
02006ED2,REFR,02005890,
02006ED3,REFR,02004333,
02006ED4,REFR,02004332,
02006ED5,REFR,02003BDA,
02006ED6,REFR,02006AA3,
02006ED7,REFR,02006AA4,
02006ED8,REFR,02006AA5,
02006ED9,REFR,02006AA6,
02006EDA,REFR,02006AA3,
02006EDB,REFR,02004320,
02006EDC,REFR,02004320,
02006EDD,REFR,02004320,
02006EDE,REFR,02003BDA,
02006EDF,REFR,02003BDA,
02006EE0,REFR,02003BDA,
02006EE1,REFR,02004332,
02006EE2,REFR,02004332,
02006EE3,REFR,02005837,
02006EE4,REFR,020059C2,
02006EE5,REFR,020059C2,
02006EE8,REFR,02003BDA,
02006EE9,REFR,02003BDA,
02006EEA,REFR,02004334,
02006EEB,REFR,02004333,
02006EEC,REFR,02004333,
02006EED,REFR,02004332,
02006EEE,REFR,02006AA3,
02006EEF,REFR,02003BDA,
02006EF0,REFR,02003BDB,
02006EF1,REFR,02003BDB,
02006EF2,REFR,02003BD9,
02006EF3,REFR,02003BD9,
02006EF4,REFR,02003BD9,
02006EF5,REFR,02004332,
02006EF6,REFR,02005837,
02006EF9,REFR,020059C2,
02006EFA,REFR,00016440,
02006EFB,REFR,020059C2,
02006EFC,REFR,0200588F,
02006EFD,REFR,02003BDA,
02006EFE,REFR,02003BDA,
02006EFF,REFR,02003BDA,
02006F00,REFR,02003BDA,
02006F01,REFR,02004332,
02006F02,REFR,02004333,
02006F03,REFR,02004333,
02006F04,REFR,02005899,
02006F05,REFR,0200589B,
02006F07,REFR,02003BD9,
020071E9,REFR,02004334,
020071EB,ACHR,020074F9,
020071EC,ACHR,020074F8,
020071F0,ACHR,020071F1,Hard
020071F2,REFR,00000032,
020071F3,REFR,00104F6F,
020071F4,ACHR,000B9FD8,
020071F5,REFR,0010C0E3,
020071F6,REFR,0010C0E3,
020074FE,REFR,000140BD,
020074FF,REFR,000140BD,
02007632,REFR,0000003B,
0200767F,REFR,000140BD,
0200768A,REFR,000140BD,
0200768B,REFR,000140BD,
0200768C,REFR,000140BD,
0200768D,REFR,000140BD,
0200768E,ACHR,020071AF,Easy
0200768F,REFR,000140BD,
02007690,ACHR,020071AF,Easy
02007691,REFR,000140BD,
02007692,REFR,000140BD,
02007696,REFR,020058A1,
0200769A,REFR,0200588F,
020076A1,REFR,02005892,
020076AB,REFR,02004333,
020076AD,REFR,02005899,
020076DE,REFR,02004333,
020078B9,REFR,020078B8,
02007A31,ACHR,020030D8,
02007A44,REFR,000C4EFD,
02007A4F,REFR,0000003B,
02007A51,REFR,02003AD4,
02007A52,REFR,0200280F,
02007A58,REFR,020064B3,
02007AFB,REFR,02003BDB,
02007AFC,REFR,02003BD9,
02007AFE,REFR,02004333,
02007B04,ACHR,020071AF,Easy
02007B05,REFR,000140BD,
02007B06,REFR,000140BD,
02007B16,REFR,02004333,
02007B1A,REFR,02004332,
02007B1B,REFR,02003BD9,
02007B1C,REFR,02003BDB,
02007B1D,REFR,02003BDA,
02007C49,REFR,0201541A,
02007F4C,REFR,00000032,
02007F59,REFR,0010C4A6,
02008390,REFR,00000034,
02008391,REFR,00000034,
02008393,REFR,00000034,
02008397,REFR,00000034,
0200839D,REFR,00000034,
0200839F,REFR,00000034,
020083A1,REFR,00000034,
020083A7,REFR,00000034,
02008952,REFR,02008940,
02008953,REFR,02008940,
02008957,REFR,00016440,
02008964,REFR,02002814,
02008965,REFR,0200280C,
02008966,REFR,0200280D,
02008967,REFR,020059CA,
02008968,REFR,0200280E,
02008969,REFR,00000032,
0200896C,REFR,02004333,
0200896D,REFR,02004334,
0200896E,REFR,0001A6E2,
02008977,REFR,02004334,
02008978,REFR,02004334,
02008979,REFR,02004333,
02008988,REFR,0001B0A8,
02008989,REFR,0001B0A8,
0200898A,REFR,02004334,
0200898C,REFR,02003BDA,
0200898D,REFR,02003BD9,
02008A50,REFR,02012DBA,
02008A51,REFR,02012DB9,
02008A52,REFR,02012DB9,
02008A53,REFR,02012DB9,
02008A54,REFR,02012DB9,
02008A8D,REFR,02012DB9,
02008A8E,REFR,02012DB9,
02008A8F,REFR,02012DB9,
02008A90,REFR,02012DB9,
02008A91,REFR,02012DB9,
02008A92,REFR,02012DB9,
02008A93,REFR,02012DB9,
02008A94,REFR,02012DB9,
02008A95,REFR,02012DB9,
02008A96,REFR,02012DB9,
02008A97,REFR,02012DB9,
02008A98,REFR,02012DB9,
02008AD9,REFR,00016440,
02008ADA,REFR,02008940,
02008ADB,REFR,020059C2,
02008ADC,REFR,020059C2,
02008ADD,REFR,02008940,
02008ADE,REFR,020059C2,
02008ADF,REFR,00016440,
02008AE0,REFR,020059C2,
02008AE1,REFR,02005837,
02008AE2,REFR,02008940,
02008AE3,REFR,020059C2,
02008AE4,REFR,00016440,
02008AE5,REFR,020059C2,
02008AE6,REFR,02005837,
02008AE7,REFR,020059B2,
02008AE8,REFR,020059B3,
02008AE9,REFR,02004332,
02008AEA,REFR,02004332,
02008AEB,REFR,02004333,
02008AEC,REFR,02003BD9,
02008AED,REFR,02006AA3,
02008AEE,REFR,02012DB9,
02008AEF,REFR,02012DB9,
02008AF0,REFR,02012DB9,
02008AF1,REFR,02012DB9,
02008AF2,REFR,02012DB9,
02009399,REFR,00035F4C,
0200939C,REFR,00000032,
02009FCA,REFR,02007ADA,
02009FCB,REFR,02007ADA,
02009FCC,REFR,02007AD9,
02009FCD,REFR,02007ADA,
02009FD0,REFR,02007ADA,
02009FD1,REFR,02009341,
02009FD2,REFR,02007ADA,
02009FD3,REFR,02007AD9,
02009FD4,REFR,02007AD9,
02009FD5,REFR,02007ADA,
02009FD6,REFR,02009341,
02009FD7,REFR,02007ADA,
02009FD8,REFR,02007AD9,
02009FD9,REFR,02007ADA,
02009FDA,REFR,02007ADA,
02009FDB,REFR,02007AD9,
02009FDC,REFR,02007AD9,
02009FDD,REFR,02007ADA,
02009FDF,REFR,0200E3EF,
02009FE0,REFR,02007AD9,
02009FE1,REFR,02007ADA,
02009FE6,REFR,02007AD9,
02009FE7,REFR,02007AD8,
02009FE8,REFR,02007AD8,
02009FE9,REFR,02007AD8,
02009FEA,REFR,02007AD8,
02009FEB,REFR,02007AD8,
02009FEC,REFR,02007AD8,
02009FED,REFR,02007AD8,
02009FEE,REFR,02007AD8,
02009FEF,REFR,02007AD8,
02009FF0,REFR,02007AD8,
02009FF1,REFR,02007AD9,
02009FF2,REFR,02007ADA,
02009FF3,REFR,02007ADA,
02009FF4,REFR,02007ADA,
02009FF5,REFR,02007ADA,
02009FF6,REFR,02007ADA,
02009FF7,REFR,02007ADA,
02009FF8,REFR,02007ADA,
02009FF9,REFR,02007ADA,
02009FFA,REFR,02007ADA,
02009FFB,REFR,02007ADA,
02009FFC,REFR,02007ADA,
02009FFD,REFR,02007AD9,
02009FFE,REFR,02009341,
02009FFF,REFR,02007AD9,
0200A000,REFR,02007AD9,
0200A001,REFR,02007AD9,
0200A002,REFR,02007AD9,
0200A003,REFR,02009341,
0200A004,REFR,02007AD9,
0200A005,REFR,02007AD9,
0200A006,REFR,02009341,
0200A007,REFR,02007AD9,
0200A008,REFR,02007AD8,
0200A009,REFR,02007ADA,
0200A00A,REFR,02009341,
0200A00B,REFR,02007ADA,
0200A00C,REFR,02007AD9,
0200A00D,REFR,02007AD9,
0200A00E,REFR,02007ADA,
0200A00F,REFR,02007ADA,
0200A010,REFR,02007AD9,
0200A011,REFR,02007ADA,
0200A012,REFR,02007AD9,
0200A013,REFR,02007ADA,
0200A014,REFR,02007AD9,
0200A015,REFR,02007AD9,
0200A016,REFR,02007ADA,
0200A017,REFR,02007ADA,
0200A018,REFR,02009341,
0200A019,REFR,02007ADA,
0200A01A,REFR,02007AD9,
0200A01B,REFR,02007ADA,
0200A01C,REFR,02007ADA,
0200A01D,REFR,02007AD9,
0200A01E,REFR,02007AD9,
0200A01F,REFR,02007AD8,
0200A020,REFR,02007AD8,
0200A021,REFR,02007AD8,
0200A022,REFR,02007AD8,
0200A023,REFR,02007ADA,
0200A024,REFR,02007ADA,
0200A025,REFR,02007ADA,
0200A026,REFR,02007ADA,
0200A027,REFR,02007ADA,
0200A028,REFR,02007AD9,
0200A029,REFR,02007AD9,
0200A02A,REFR,02007AD9,
0200A02B,REFR,02007AD9,
0200A02C,REFR,02009341,
0200A02D,REFR,02007AD8,
0200A02E,REFR,02007AD8,
0200A02F,REFR,02007AD8,
0200A030,REFR,02007AD8,
0200A031,REFR,02007AD8,
0200A032,REFR,02007AD8,
0200A033,REFR,02007AD8,
0200A034,REFR,02007ADA,
0200A035,REFR,02007ADA,
0200A036,REFR,02007ADA,
0200A037,REFR,02007ADA,
0200A038,REFR,02007ADA,
0200A039,REFR,02007ADA,
0200A03A,REFR,02007AD9,
0200A03B,REFR,02007AD9,
0200A03C,REFR,02009341,
0200A03D,REFR,02007AD9,
0200A03E,REFR,02007AD9,
0200A03F,REFR,02009341,
0200A040,REFR,02007ADA,
0200A041,REFR,02007AD9,
0200A042,REFR,02007ADA,
0200A043,REFR,02007AD9,
0200A044,REFR,02007ADA,
0200A045,REFR,02009341,
0200A046,REFR,02007AD8,
0200A047,REFR,02007AD9,
0200A048,REFR,02007ADA,
0200A049,REFR,02007AD9,
0200A04A,REFR,02007ADA,
0200A04B,REFR,02007AD8,
0200A04C,REFR,02007AD8,
0200A04D,REFR,02007ADA,
0200A04E,REFR,02007AD9,
0200A04F,REFR,02007ADA,
0200A050,REFR,02007AD9,
0200A051,REFR,02007ADA,
0200A052,REFR,02007AD9,
0200A053,REFR,02007ADA,
0200A054,REFR,02009341,
0200A055,REFR,02007AD8,
0200A056,REFR,02007ADA,
0200A057,REFR,02007AD9,
0200A058,REFR,02007ADA,
0200A059,REFR,02009341,
0200A05A,REFR,02007AD8,
0200A05B,REFR,02007ADA,
0200A05C,REFR,02007AD9,
0200A05D,REFR,02007AD8,
0200A05E,REFR,02007ADA,
0200A05F,REFR,02009341,
0200A060,REFR,02007AD9,
0200A061,REFR,02007ADA,
0200A062,REFR,02007AD8,
0200A063,REFR,02007AD8,
0200A064,REFR,02007ADA,
0200A065,REFR,02007AD9,
0200A066,REFR,02007ADA,
0200A067,REFR,02007AD9,
0200A068,REFR,02007AD8,
0200A069,REFR,02007ADA,
0200A06A,REFR,02007AD9,
0200A06B,REFR,02007AD8,
0200A06C,REFR,02007AD8,
0200A06D,REFR,02007ADA,
0200A06E,REFR,02007AD9,
0200A06F,REFR,02009341,
0200A070,REFR,02007ADA,
0200A071,REFR,02007ADA,
0200A072,REFR,02007AD9,
0200A073,REFR,02007AD9,
0200A074,REFR,02007ADA,
0200A075,REFR,02007ADA,
0200A076,REFR,02007AD9,
0200A077,REFR,02007AD9,
0200A078,REFR,02007ADA,
0200A079,REFR,02007AD9,
0200A07A,REFR,02007ADA,
0200A07B,REFR,02007AD8,
0200A07C,REFR,02007ADA,
0200A07D,REFR,02009341,
0200A07E,REFR,02007AD8,
0200A07F,REFR,02007ADA,
0200A080,REFR,02007AD9,
0200A081,REFR,02007AD8,
0200A082,REFR,02007AD9,
0200A083,REFR,02007ADA,
0200A084,REFR,02007AD8,
0200A085,REFR,02007AD9,
0200A086,REFR,02007ADA,
0200A087,REFR,02007AD9,
0200A088,REFR,02007ADA,
0200A089,REFR,02007AD8,
0200A08A,REFR,02007ADA,
0200A08B,REFR,02009341,
0200A08C,REFR,02007AD8,
0200A08D,REFR,02007AD9,
0200A08E,REFR,02007ADA,
0200A08F,REFR,02007ADA,
0200A090,REFR,02007AD9,
0200A091,REFR,02007ADA,
0200A092,REFR,02007AD9,
0200A093,REFR,02007AD9,
0200A094,REFR,02007ADA,
0200A095,REFR,02007AD8,
0200A096,REFR,02007AD8,
0200A097,REFR,02007AD9,
0200A098,REFR,02007ADA,
0200A099,REFR,02007AD8,
0200A09A,REFR,02007ADA,
0200A09B,REFR,02007AD9,
0200A09C,REFR,02007AD8,
0200A09D,REFR,02007AD8,
0200A09E,REFR,02007ADA,
0200A09F,REFR,02007AD9,
0200A0A0,REFR,02009341,
0200A0A1,REFR,02007ADA,
0200A0A2,REFR,02007ADA,
0200A0A3,REFR,02007AD9,
0200A0A4,REFR,02009341,
0200A0A5,REFR,02007ADA,
0200A0A6,REFR,02007ADA,
0200A0A7,REFR,02007AD9,
0200A0A8,REFR,02009341,
0200A0A9,REFR,02007ADA,
0200A0AA,REFR,02007AD9,
0200A0AB,REFR,02007ADA,
0200A0AC,REFR,02009341,
0200A0AD,REFR,02007ADA,
0200A0AE,REFR,02009341,
0200A0AF,REFR,02007ADA,
0200A0B0,REFR,02007AD9,
0200A0B1,REFR,02007ADA,
0200A0B2,REFR,02007ADA,
0200A0B3,REFR,02009341,
0200A0B4,REFR,02007AD9,
0200A0B5,REFR,02007ADA,
0200A0B6,REFR,02007AD8,
0200A0B7,REFR,02007ADA,
0200A0B8,REFR,02007AD9,
0200A0B9,REFR,02007AD8,
0200A0BA,REFR,02007AD9,
0200A0BB,REFR,02007ADA,
0200A0BC,REFR,02007AD8,
0200A0BD,REFR,02007ADA,
0200A0BE,REFR,02009341,
0200A0BF,REFR,02007AD8,
0200A0C0,REFR,02007ADA,
0200A0C1,REFR,02007AD9,
0200A0C2,REFR,02007AD9,
0200A0C3,REFR,02007ADA,
0200A0C4,REFR,02007AD8,
0200A0C5,REFR,02007ADA,
0200A0C6,REFR,02007AD9,
0200A0C7,REFR,02007AD9,
0200A0C8,REFR,02007ADA,
0200A0C9,REFR,02007AD8,
0200A0CA,REFR,02007AD8,
0200A0CB,REFR,02007ADA,
0200A0CC,REFR,02009341,
0200A0CD,REFR,02007ADA,
0200A0CE,REFR,02007AD9,
0200A0CF,REFR,02007AD9,
0200A0D0,REFR,02007ADA,
0200A0D1,REFR,02007AD8,
0200A0D2,REFR,02007ADA,
0200A0D3,REFR,02007AD9,
0200A0D4,REFR,02009341,
0200A0D5,REFR,02007ADA,
0200A0D6,REFR,02007AD9,
0200A0D7,REFR,02007ADA,
0200A0D8,REFR,02007AD8,
0200A0D9,REFR,02007AD9,
0200A0DA,REFR,02007ADA,
0200A0DB,REFR,02007AD8,
0200A0DC,REFR,02007AD9,
0200A0DD,REFR,02007ADA,
0200A0DE,REFR,02007AD8,
0200A0DF,REFR,02007ADA,
0200A0E0,REFR,02007AD9,
0200A0E1,REFR,02009341,
0200A0E2,REFR,02007ADA,
0200A0E3,REFR,02007ADA,
0200A0E4,REFR,02007AD9,
0200A0E5,REFR,02009341,
0200A0E8,REFR,02007ADA,
0200A0EA,REFR,02007ADA,
0200A0ED,REFR,02007AD9,
0200A0F7,REFR,02007ADA,
0200A0FA,REFR,02007AD9,
0200A0FC,REFR,02007AD9,
0200A0FF,REFR,02009341,
0200A100,REFR,02007ADA,
0200A10B,REFR,02007ADA,
0200A10C,REFR,02009341,
0200A10D,REFR,02007ADA,
0200A10E,REFR,02007AD9,
0200A10F,REFR,02007AD9,
0200A110,REFR,02007ADA,
0200A111,REFR,02007ADA,
0200A112,REFR,02007AD9,
0200A113,REFR,02007ADA,
0200A114,REFR,02007AD9,
0200A115,REFR,02007ADA,
0200A116,REFR,02007AD9,
0200A117,REFR,02007AD9,
0200A118,REFR,02007ADA,
0200A119,REFR,02007ADA,
0200A11A,REFR,02009341,
0200A11B,REFR,02007ADA,
0200A11C,REFR,02007AD9,
0200A11D,REFR,02007ADA,
0200A11E,REFR,02007ADA,
0200A11F,REFR,02007AD9,
0200A120,REFR,02007AD9,
0200A122,REFR,02007ADA,
0200A123,REFR,02007AD9,
0200A124,REFR,02007AD9,
0200A125,REFR,02007ADA,
0200A126,REFR,02007AD9,
0200A127,REFR,02007ADA,
0200A128,REFR,02007ADA,
0200A129,REFR,02009341,
0200A12A,REFR,02007ADA,
0200A12B,REFR,02007AD9,
0200A12D,REFR,02007AD8,
0200A12E,REFR,02007AD8,
0200A12F,REFR,02007AD8,
0200A130,REFR,02007AD8,
0200A131,REFR,02007ADA,
0200A132,REFR,02007ADA,
0200A133,REFR,02007ADA,
0200A134,REFR,02007ADA,
0200A135,REFR,02007ADA,
0200A136,REFR,02007AD9,
0200A137,REFR,02007AD9,
0200A138,REFR,02007AD9,
0200A139,REFR,02007AD9,
0200A13A,REFR,02009341,
0200A13B,REFR,02007AD8,
0200A13C,REFR,02009341,
0200A13D,REFR,02007ADA,
0200A13E,REFR,02009341,
0200A13F,REFR,02007AD9,
0200A140,REFR,02007ADA,
0200A141,REFR,02007ADA,
0200A142,REFR,02007AD9,
0200A143,REFR,02007AD8,
0200A144,REFR,02007AD8,
0200A145,REFR,02007AD8,
0200A146,REFR,02007AD8,
0200A149,REFR,02007ADA,
0200A159,REFR,02007AD9,
0200A15B,REFR,02007AD9,
0200A15E,REFR,02009341,
0200A162,REFR,00000034,
0200A163,REFR,02007AD8,
0200A164,REFR,02007AD8,
0200A165,REFR,02007AD8,
0200A166,REFR,02007AD8,
0200A167,REFR,02007AD8,
0200A168,REFR,02007AD8,
0200A169,REFR,02007ADA,
0200A16A,REFR,02007ADA,
0200A16B,REFR,02007ADA,
0200A16C,REFR,02007ADA,
0200A16D,REFR,02007ADA,
0200A16E,REFR,02007ADA,
0200A16F,REFR,02007AD9,
0200A170,REFR,02007AD9,
0200A171,REFR,02009341,
0200A172,REFR,02007AD9,
0200A173,REFR,02007AD9,
0200A174,REFR,02009341,
0200A175,REFR,02007AD9,
0200A176,REFR,02007ADA,
0200A177,REFR,02007ADA,
0200A178,REFR,02007AD9,
0200A179,REFR,02007ADA,
0200A17A,REFR,02009341,
0200A17B,REFR,02007AD8,
0200A17C,REFR,02007AD9,
0200A17D,REFR,02007ADA,
0200A17E,REFR,02007AD9,
0200A17F,REFR,02007ADA,
0200A180,REFR,02007AD8,
0200A181,REFR,02007ADA,
0200A182,REFR,02007AD9,
0200A183,REFR,02007AD8,
0200A184,REFR,02007ADA,
0200A185,REFR,02007AD9,
0200A188,REFR,02007ADA,
0200A189,REFR,02007AD9,
0200A18A,REFR,02007ADA,
0200A18B,REFR,02007AD9,
0200A18C,REFR,02007ADA,
0200A18D,REFR,02009341,
0200A18E,REFR,02007AD8,
0200A18F,REFR,02007ADA,
0200A190,REFR,02007AD9,
0200A191,REFR,02007ADA,
0200A192,REFR,02009341,
0200A193,REFR,02007AD8,
0200A194,REFR,02007ADA,
0200A195,REFR,02007AD9,
0200A196,REFR,02007AD8,
0200A197,REFR,02007ADA,
0200A198,REFR,02009341,
0200A199,REFR,02007AD9,
0200A19A,REFR,02007ADA,
0200A19B,REFR,02007AD8,
0200A19C,REFR,02007AD8,
0200A19D,REFR,02007ADA,
0200A19E,REFR,02007AD9,
0200A19F,REFR,02007ADA,
0200A1A0,REFR,02007AD9,
0200A1A1,REFR,02007ADA,
0200A1A2,REFR,02007AD9,
0200A1A3,REFR,02007AD9,
0200A1A4,REFR,02007ADA,
0200A1A5,REFR,02007ADA,
0200A1A6,REFR,02007AD9,
0200A1A7,REFR,02009341,
0200A1A8,REFR,02007ADA,
0200A1A9,REFR,02007ADA,
0200A1AA,REFR,02007AD9,
0200A1AB,REFR,02007AD9,
0200A1AC,REFR,02007ADA,
0200A1AD,REFR,02007ADA,
0200A1AE,REFR,02009341,
0200A1AF,REFR,02007AD9,
0200A1B0,REFR,02007ADA,
0200A1B1,REFR,02007AD8,
0200A1B2,REFR,02007ADA,
0200A1B3,REFR,02007AD9,
0200A1B4,REFR,02007AD8,
0200A1B5,REFR,02007AD9,
0200A1B6,REFR,02007ADA,
0200A1B7,REFR,02007AD8,
0200A1B8,REFR,02009341,
0200A1B9,REFR,02007ADA,
0200A1BA,REFR,02007ADA,
0200A1BB,REFR,02009341,
0200A1BC,REFR,02007ADA,
0200A1BD,REFR,02007AD9,
0200A1BE,REFR,02007ADA,
0200A1BF,REFR,02007AD9,
0200A1C0,REFR,02007AD9,
0200A1C1,REFR,02007ADA,
0200A1C2,REFR,02007ADA,
0200A1C3,REFR,02007AD9,
0200A1C4,REFR,02007ADA,
0200A1C5,REFR,02007AD9,
0200A1C6,REFR,02007AD8,
0200A1C7,REFR,02007AD8,
0200A1C8,REFR,02007AD8,
0200A1C9,REFR,02007AD8,
0200A1CA,REFR,02007AD8,
0200A1CB,REFR,02007AD8,
0200A1CC,REFR,02007AD8,
0200A1CF,REFR,02007AD9,
0200A1D0,REFR,02007ADA,
0200A1D1,REFR,02007AD9,
0200A1D2,REFR,02007ADA,
0200A1D3,REFR,02007AD8,
0200A1D4,REFR,02009341,
0200A1D5,REFR,02007ADA,
0200A1D6,REFR,02007ADA,
0200A1D7,REFR,02009341,
0200A1D8,REFR,02007AD8,
0200A1D9,REFR,02007ADA,
0200A1DA,REFR,02007AD9,
0200A1DB,REFR,02007ADA,
0200A1DC,REFR,02007AD9,
0200A1DD,REFR,02007AD8,
0200A1DF,REFR,02007ADA,
0200A1E0,REFR,02007AD9,
0200A1E1,REFR,02007ADA,
0200A1E2,REFR,02007AD9,
0200A1E3,REFR,02007AD8,
0200A1E4,REFR,02007ADA,
0200A1E5,REFR,02007AD9,
0200A1E6,REFR,02007AD8,
0200A1E7,REFR,02007AD8,
0200A1E8,REFR,02007ADA,
0200A1E9,REFR,02007AD9,
0200A1EA,REFR,02009341,
0200A1EB,REFR,02007ADA,
0200A1EC,REFR,02007ADA,
0200A1ED,REFR,02007AD9,
0200A1EE,REFR,02007AD9,
0200A1EF,REFR,02007ADA,
0200A1F0,REFR,02007AD9,
0200A1F1,REFR,02007ADA,
0200A1F2,REFR,02007AD8,
0200A1F3,REFR,02007AD9,
0200A1F4,REFR,02007ADA,
0200A1F5,REFR,02007AD9,
0200A1F6,REFR,02007ADA,
0200A1F7,REFR,02007AD8,
0200A1F8,REFR,02007ADA,
0200A1F9,REFR,02009341,
0200A1FA,REFR,02007AD8,
0200A1FB,REFR,02007AD9,
0200A1FC,REFR,02007ADA,
0200A1FD,REFR,02007ADA,
0200A1FE,REFR,02007AD9,
0200A1FF,REFR,02007ADA,
0200A200,REFR,02007AD9,
0200A201,REFR,02007AD9,
0200A202,REFR,02007ADA,
0200A203,REFR,02007AD8,
0200A204,REFR,02007ADA,
0200A205,REFR,02009341,
0200A206,REFR,02007AD8,
0200A207,REFR,02007ADA,
0200A208,REFR,02007AD9,
0200A209,REFR,02007AD9,
0200A20A,REFR,02007ADA,
0200A20B,REFR,02007AD8,
0200A20C,REFR,02007ADA,
0200A20D,REFR,02007AD9,
0200A20E,REFR,02007AD9,
0200A20F,REFR,02007ADA,
0200A210,REFR,02007AD8,
0200A211,REFR,02007AD8,
0200A212,REFR,02007ADA,
0200A213,REFR,02009341,
0200A214,REFR,02007ADA,
0200A215,REFR,02007AD9,
0200A216,REFR,02007AD9,
0200A217,REFR,02007ADA,
0200A218,REFR,02007AD8,
0200A219,REFR,02007ADA,
0200A21A,REFR,02007AD9,
0200A21B,REFR,02009341,
0200A21C,REFR,02007ADA,
0200A21D,REFR,02007AD9,
0200A21E,REFR,02007ADA,
0200A21F,REFR,02007AD8,
0200A220,REFR,02007AD9,
0200A221,REFR,02007ADA,
0200A223,REFR,02007AD9,
0200A224,REFR,02007ADA,
0200A225,REFR,02009341,
0200A226,REFR,02007ADA,
0200A227,REFR,02007AD8,
0200A228,REFR,02007AD9,
0200A229,REFR,02007ADA,
0200A22A,REFR,02007AD9,
0200A22B,REFR,02007ADA,
0200A22C,REFR,02007AD8,
0200A22D,REFR,02007ADA,
0200A22E,REFR,02007AD9,
0200A22F,REFR,02007AD8,
0200A230,REFR,02007AD8,
0200A231,REFR,02007ADA,
0200A232,REFR,02007AD9,
0200A233,REFR,02009341,
0200A234,REFR,02007ADA,
0200A235,REFR,02007ADA,
0200A236,REFR,02007AD9,
0200A237,REFR,02007AD8,
0200A238,REFR,02007AD9,
0200A239,REFR,02007ADA,
0200A23A,REFR,02007AD8,
0200A23B,REFR,02007ADA,
0200A23C,REFR,02007AD9,
0200A23D,REFR,02009341,
0200A23E,REFR,02007ADA,
0200A23F,REFR,02007ADA,
0200A240,REFR,02007AD9,
0200A241,REFR,02009341,
0200A242,REFR,02007ADA,
0200A243,REFR,02009341,
0200A244,REFR,02007ADA,
0200A24C,REFR,02007AD8,
0200A2D0,REFR,0200A2CF,
0200A2D1,REFR,0200A2CF,
0200A2D2,REFR,0200A2CF,
0200A2D3,REFR,0200A2CF,
0200A2D4,REFR,0200A2CF,
0200A2E8,REFR,0200A2D6,
0200A2E9,REFR,0200A2D6,
0200A300,REFR,0200A2D6,
0200A302,REFR,0200A2D6,
0200A910,REFR,02003AD5,
0200BDD6,ACHR,0200BDCF,
0200BF68,REFR,0200825D,
0200BF69,REFR,00048AC0,
0200BF6A,ACHR,02004575,Easy
0200BF6B,REFR,0200825D,
0200BF6C,ACHR,02004575,Easy
0200BF6D,REFR,0200825D,
0200BF6E,ACHR,0200BF5E,Easy
0200BF6F,REFR,0200825D,
0200BF70,ACHR,0200BF5E,Easy
0200BF71,REFR,0000003B,
0200BF76,REFR,000138C0,
0200BF7F,REFR,0001E595,
0200BF81,REFR,0001E595,
0200BF82,REFR,0001E595,
0200BF83,REFR,0001E595,
0200BF84,REFR,0001E595,
0200BF85,REFR,0001E595,
0200BF86,REFR,0001E595,
0200BF87,REFR,02007ADA,
0200BF89,REFR,02009342,
0200BF8A,REFR,02007AD9,
0200BF8B,REFR,0200933B,
0200BF8C,REFR,02007ADA,
0200BF8D,REFR,02007ADA,
0200BF8E,REFR,0200933B,
0200BF93,REFR,02007ADA,
0200BF94,REFR,0200933A,
0200BF95,REFR,0200933F,
0200BF99,REFR,0200933F,
0200BF9B,REFR,02007AD8,
0200BF9C,REFR,02007AD8,
0200BF9E,REFR,02007AD8,
0200BFA1,REFR,02007ADA,
0200BFA2,REFR,0200933F,
0200BFA3,REFR,0200933E,
0200BFA4,REFR,0200933F,
0200BFA5,REFR,02007ADA,
0200BFA6,REFR,0200933B,
0200BFA7,REFR,02009342,
0200BFA8,REFR,0200933B,
0200BFA9,REFR,02007ADA,
0200BFAA,REFR,02007ADA,
0200BFAB,REFR,0200933E,
0200BFAC,REFR,0200933A,
0200BFAD,REFR,02007ADA,
0200BFAE,REFR,0200933A,
0200BFB0,REFR,0200933F,
0200BFB1,REFR,02009340,
0200BFB2,REFR,02007AD9,
0200BFB3,REFR,02009340,
0200BFB4,REFR,0200933F,
0200BFB5,REFR,02007AD8,
0200BFB6,REFR,02007AD8,
0200BFB7,REFR,02007AD8,
0200BFB8,REFR,02007AD8,
0200BFB9,REFR,02009343,
0200BFBB,REFR,02004333,
0200BFBC,REFR,02007ADA,
0200BFBD,REFR,02007ADA,
0200BFBE,REFR,02007ADA,
0200BFBF,REFR,02007ADA,
0200BFC0,REFR,0200933B,
0200BFC1,REFR,0200933A,
0200BFC3,REFR,0200933B,
0200BFC4,REFR,020041FC,
0200BFC5,REFR,02009340,
0200BFC6,REFR,02009340,
0200BFC7,REFR,02009340,
0200BFC8,REFR,02009340,
0200BFF3,REFR,00079986,
0200BFF4,REFR,00079986,
0200BFF5,REFR,00079986,
0200BFF6,REFR,00079986,
0200BFFB,REFR,0200825D,
0200BFFC,REFR,0200825D,
0200BFFD,REFR,0200825D,
0200BFFE,ACHR,0200BFF0,Easy
0200BFFF,REFR,0200825D,
0200C000,REFR,0200825D,
0200C001,ACHR,0200BFF0,Easy
0200C002,REFR,0200825D,
0200C003,ACHR,0200BFF0,Easy
0200C004,ACHR,0200BFF0,Easy
0200C005,REFR,0200825D,
0200C006,ACHR,0200BFF0,Easy
0200C007,REFR,0200825D,
0200C008,REFR,0200825D,
0200C009,ACHR,0200BFF0,Easy
0200C00A,ACHR,0200BFF0,Easy
0200C00B,REFR,0200825D,
0200C00C,ACHR,0200BFF0,Easy
0200C00D,REFR,0200825D,
0200C00E,REFR,0200825D,
0200C00F,ACHR,0200BFF0,Easy
0200C010,ACHR,0200BFF0,Easy
0200C011,REFR,0200825D,
0200C012,ACHR,0200BFF0,Easy
0200C013,REFR,0200825D,
0200C014,REFR,0200825D,
0200C015,ACHR,0200BFF0,Easy
0200C017,ACHR,0200BFF0,Easy
0200C018,ACHR,0200BFF0,Easy
0200C019,ACHR,0200BFF0,Easy
0200C608,REFR,0200280F,
0200C609,REFR,0200280F,
0200C60A,REFR,0200C607,
0200C60B,REFR,0200280F,
0200C60C,REFR,0200280F,
0200C60D,REFR,0200280F,
0200C7D7,REFR,0200A2CF,
0200C7D8,REFR,02008940,
0200C7D9,REFR,020059C2,
0200C7DA,REFR,00016440,
0200C7DB,REFR,020059C2,
0200C7DC,REFR,02005837,
0200C7DD,REFR,02004333,
0200C7DF,REFR,02003BDB,
0200C7E0,REFR,02004332,
0200C7E1,REFR,02004332,
0200C7E2,REFR,02004333,
0200C7E3,REFR,02003BD9,
0200C7E4,REFR,02003BD9,
0200C7E5,REFR,02003BD9,
0200C7E6,REFR,02003BD9,
0200C7EA,REFR,02006AA3,
0200C7EC,REFR,02012DB9,
0200C7ED,REFR,02012DB9,
0200C7EE,REFR,02012DBA,
0200C7EF,REFR,02012DBA,
0200C7F0,REFR,02012DB9,
0200C7F1,REFR,02004332,
0200C7F2,REFR,02003BDA,
0200C7F3,REFR,02003BDA,
0200C7F4,REFR,02004333,
0200C7F5,REFR,02004333,
0200C7F6,REFR,02004333,
0200C7F7,REFR,02004333,
0200C7F8,REFR,02004333,
0200C7F9,REFR,02004334,
0200C7FA,REFR,02004334,
0200C7FB,REFR,02004334,
0200C7FC,REFR,02004334,
0200C7FD,REFR,02004334,
0200C7FE,REFR,02003BDB,
0200C7FF,REFR,02003BDA,
0200C800,REFR,02004333,
0200C801,REFR,02004332,
0200C802,REFR,02004332,
0200C803,REFR,02003BD9,
0200C804,REFR,02004334,
0200C805,REFR,02005892,
0200C806,REFR,02005892,
0200C807,REFR,02003BDA,
0200CBBD,REFR,02015461,
0200D1CA,REFR,0200C22E,
0200D1CB,REFR,0200C22E,
0200D1CC,REFR,0200C22E,
0200D1CF,REFR,0200C22E,
0200D1D1,REFR,0200C22E,
0200D1D3,REFR,0200C22E,
0200D1D4,REFR,0200C22E,
0200D1D5,REFR,0200C22E,
0200D1D6,REFR,0200C22E,
0200D1D9,REFR,0200C22E,
0200D1DA,REFR,0200C22E,
0200D1DB,REFR,0200C22E,
0200D1DC,REFR,0200C22E,
0200D1DD,REFR,0200C22E,
0200D1DE,REFR,0200C22E,
0200D1DF,REFR,0200C22E,
0200D1E0,REFR,0200C22E,
0200D1E1,REFR,0200C22E,
0200D1E2,REFR,0200C22E,
0200D1E3,REFR,0200C22E,
0200D1E4,REFR,0200C22E,
0200D1E5,REFR,0200C22E,
0200D1E6,REFR,0200C22E,
0200D1E7,REFR,0200C22E,
0200D1E8,REFR,0200C22E,
0200D1E9,REFR,0200C22E,
0200D1EA,REFR,0200C22E,
0200D1EB,REFR,0200C22E,
0200D1F0,REFR,0200C22E,
0200D1F1,REFR,0200C22E,
0200D1F2,REFR,0200C22E,
0200D21B,REFR,0200A2D6,
0200D21C,REFR,0200A2D6,
0200D21D,REFR,0200A2D6,
0200D21E,REFR,0200A2D6,
0200D21F,REFR,0200A2D6,
0200D220,REFR,0200A2D6,
0200D221,REFR,0200A2D6,
0200D222,REFR,0200A2D6,
0200D223,REFR,0200A2D6,
0200D224,REFR,0200A2D6,
0200D225,REFR,0200A2D6,
0200D226,REFR,0200A2D6,
0200D227,REFR,0200A2D6,
0200D228,REFR,0200A2D6,
0200D229,REFR,0200A2D6,
0200D22A,REFR,0200A2D6,
0200D22B,REFR,0200A2D6,
0200D22D,REFR,0200A2D6,
0200D22E,REFR,0200A2D6,
0200D289,REFR,0200825D,
0200D28A,ACHR,0200BFF0,Easy
0200D28B,ACHR,0200BFF0,Easy
0200D28C,REFR,0200825D,
0200D28D,ACHR,0200BFF0,Easy
0200D28E,REFR,0200825D,
0200D28F,ACHR,0200BFF0,Easy
0200D290,REFR,0200825D,
0200D291,ACHR,0200BFF0,Easy
0200D292,REFR,0200825D,
0200D2DA,REFR,0000003B,
0200D2DB,REFR,0000003B,
0200D2DC,REFR,0000003B,
0200D2DD,REFR,0000003B,
0200D2DE,REFR,0000003B,
0200D2DF,REFR,0000003B,
0200D2E2,REFR,0200C230,
0200D2E3,REFR,0200C22E,
0200D2E4,REFR,0200C22D,
0200D2E5,REFR,0200C22D,
0200D2E6,REFR,0200C22E,
0200D2E7,REFR,0200C22D,
0200D2E8,REFR,0200C22E,
0200D2E9,REFR,0200C22E,
0200D2EA,REFR,0200C22E,
0200D2EB,REFR,0200C235,
0200D2EC,REFR,0200C22F,
0200D2ED,REFR,0200C235,
0200D2EE,REFR,0200C235,
0200D2EF,REFR,0200C22E,
0200D2F0,REFR,0200C22D,
0200D2F1,REFR,0200C22D,
0200D2F2,REFR,0200C22E,
0200D2F3,REFR,0200C22D,
0200D2F4,REFR,0200C22E,
0200D2F5,REFR,0200C22E,
0200D2F6,REFR,0200C22E,
0200D2F7,REFR,0200C235,
0200D2F8,REFR,0200C22F,
0200D2F9,REFR,0200C22E,
0200D2FA,REFR,0200C22E,
0200D2FB,REFR,0200C235,
0200D2FC,REFR,0200C235,
0200D2FD,REFR,0200C235,
0200D2FE,REFR,0200C235,
0200D2FF,REFR,0200C22D,
0200D300,REFR,0200C22D,
0200D301,REFR,0200C234,
0200D302,REFR,0200C234,
0200D303,REFR,0200C234,
0200D304,REFR,0200C234,
0200D305,REFR,0200C22E,
0200D306,REFR,0200C22E,
0200D307,REFR,0200C235,
0200D308,REFR,0200C235,
0200D309,REFR,0200C22E,
0200D30A,REFR,0200C22E,
0200D30B,REFR,0200C235,
0200D30C,REFR,0200C235,
0200D30D,REFR,0200C235,
0200D30E,REFR,0200C235,
0200D30F,REFR,0200C235,
0200D310,REFR,0200C235,
0200D311,REFR,0200C22D,
0200D312,REFR,0200C22D,
0200D315,REFR,0200C234,
0200D317,REFR,0200C233,
0200D318,REFR,0200C234,
0200D319,REFR,0200C22E,
0200D31A,REFR,0200C22E,
0200D31B,REFR,0200C22E,
0200D31C,REFR,0200C22E,
0200D31D,REFR,0200C22E,
0200D31E,REFR,0200C22E,
0200D31F,REFR,0200C22E,
0200D320,REFR,0200C22E,
0200D321,REFR,0200C22E,
0200D322,REFR,0200C22E,
0200D323,REFR,0200C22E,
0200D324,REFR,0200C22E,
0200D325,REFR,0200C22E,
0200D326,REFR,0200C22E,
0200D327,REFR,0200C22E,
0200D328,REFR,0200C22E,
0200D329,REFR,0200C22E,
0200D32A,REFR,0200C22E,
0200D32B,REFR,0200C22E,
0200D32C,REFR,0200C22E,
0200D32D,REFR,0200C22D,
0200D32E,REFR,0200C235,
0200D32F,REFR,0200C235,
0200D330,REFR,0200C235,
0200D331,REFR,0200C235,
0200D332,REFR,0200C235,
0200D333,REFR,0200C235,
0200D334,REFR,0200C22E,
0200D335,REFR,0200C22E,
0200D336,REFR,0200C22E,
0200D337,REFR,0200C22E,
0200D338,REFR,0200C22E,
0200D339,REFR,0200C22E,
0200D33A,REFR,0200C22E,
0200D33B,REFR,0200C235,
0200D33C,REFR,0200C235,
0200D33D,REFR,0200C235,
0200D33E,REFR,0200C235,
0200D33F,REFR,0200C235,
0200D340,REFR,0200C235,
0200D341,REFR,0200C235,
0200D342,REFR,0200C235,
0200D343,REFR,0200C235,
0200D344,REFR,0200C235,
0200D345,REFR,0200C235,
0200D346,REFR,0200C235,
0200D347,REFR,0200C235,
0200D348,REFR,0200C235,
0200D349,REFR,0200C235,
0200D34A,REFR,0200C235,
0200D34B,REFR,0200C235,
0200D34C,REFR,0200C235,
0200D34D,REFR,0200C234,
0200D34E,REFR,0200C234,
0200D34F,REFR,0200C235,
0200D350,REFR,0200C235,
0200D351,REFR,0200C234,
0200D352,REFR,0200C234,
0200D353,REFR,0200C22D,
0200D354,REFR,0200C22D,
0200D355,REFR,0200C235,
0200D356,REFR,0200C235,
0200D357,REFR,0200C235,
0200D358,REFR,0200C235,
0200D359,REFR,0200C235,
0200D35A,REFR,0200C235,
0200D35B,REFR,0200C22D,
0200D35C,REFR,0200C22D,
0200D35D,REFR,0200C22F,
0200D35E,REFR,0200C22F,
0200D35F,REFR,0200C22F,
0200D360,REFR,0200C22F,
0200D361,REFR,0200C22F,
0200D362,REFR,0200C22F,
0200D363,REFR,0200C22F,
0200D364,REFR,0200C22F,
0200D365,REFR,0200C22F,
0200D366,REFR,0200C22F,
0200D367,REFR,0200C22D,
0200D368,REFR,0200C22D,
0200D369,REFR,020059C9,
0200D36A,REFR,0200280E,
0200D36B,REFR,020059CA,
0200D36C,REFR,0200280E,
0200D36D,REFR,020059CC,
0200D36F,REFR,020059CC,
0200D370,REFR,020059CD,
0200D372,REFR,020059CE,
0200D373,REFR,020059CE,
0200D374,REFR,020059CD,
0200D375,REFR,0200280D,
0200D376,REFR,020059C9,
0200D377,REFR,020059C9,
0200D378,REFR,02002814,
0200D379,REFR,0200280E,
0200D37A,REFR,0200280E,
0200D37B,REFR,0200280D,
0200D37C,REFR,02002814,
0200D37D,REFR,0200280E,
0200D37E,REFR,0200280D,
0200D37F,REFR,020059CB,
0200D380,REFR,020059CE,
0200D381,REFR,020059CE,
0200D382,REFR,020059CB,
0200D383,REFR,020059CB,
0200D384,REFR,020059CE,
0200D38C,REFR,020059CC,
0200D38D,REFR,020059CD,
0200D390,REFR,020059CE,
0200D391,REFR,020059CB,
0200D395,REFR,020059CC,
0200D396,REFR,0200C22F,
0200D397,REFR,020059CE,
0200D398,REFR,020059CC,
0200D399,REFR,020059CD,
0200D39B,REFR,020059CE,
0200D39C,REFR,020059CD,
0200D3AA,REFR,00000032,
0200D3AF,REFR,0200431F,
0200D3B0,REFR,0200431F,
0200D3B1,REFR,0200431F,
0200D3B2,REFR,0200431F,
0200D3B3,REFR,0200431F,
0200D3B4,REFR,02003BD9,
0200D3B5,REFR,02003BD9,
0200D3B6,REFR,02003BDA,
0200D3B7,REFR,02003BD9,
0200D3B8,REFR,02003BDB,
0200D3B9,REFR,02003BD9,
0200D3BA,REFR,02003BD9,
0200D3BB,REFR,02003BDA,
0200D3BC,REFR,02003BD9,
0200D3BD,REFR,0200C22E,
0200D3BE,REFR,0200C22E,
0200D60F,REFR,02006868,
0200D62F,REFR,0200F9FA,
0200D726,REFR,00073CE6,
0200D727,REFR,02003BDA,
0200D728,REFR,02004332,
0200D729,REFR,02004332,
0200D72A,REFR,02003BDA,
0200D72B,REFR,02003BDA,
0200D72C,REFR,02005896,
0200D72D,REFR,02012DB9,
0200D72E,REFR,02012DB9,
0200D72F,REFR,02003BDA,
0200D730,REFR,02003BDA,
0200D731,REFR,02003BDA,
0200D732,REFR,02003BDA,
0200D733,REFR,02003BDA,
0200D734,REFR,02004333,
0200D735,REFR,02004334,
0200D736,REFR,02004334,
0200D737,REFR,02004334,
0200D738,REFR,02004333,
0200D739,REFR,02004333,
0200D73A,REFR,02003BDB,
0200D73B,REFR,02004332,
0200D73C,REFR,02003BDA,
0200D73D,REFR,02004332,
0200D73E,REFR,02004334,
0200D73F,REFR,02005892,
0200D740,REFR,0200588F,
0200D741,REFR,02012DB9,
0200D742,REFR,02012DB9,
0200D743,REFR,02012DB9,
0200D744,REFR,02003BD9,
0200D745,REFR,02003BDA,
0200D746,REFR,02003BDA,
0200D747,REFR,02005890,
0200D748,REFR,02004333,
0200D749,REFR,02004334,
0200D74A,REFR,02003BDA,
0200D74B,REFR,02003BDA,
0200D74C,REFR,0200A2CF,
0200D74D,REFR,02008940,
0200D74E,REFR,020059C2,
0200D74F,REFR,00016440,
0200D750,REFR,020059C2,
0200D751,REFR,02005837,
0200D752,REFR,02003BDA,
0200D753,REFR,02003BDB,
0200D758,REFR,0200589F,
0200D759,REFR,02003BDA,
0200D75A,REFR,02004333,
0200D75B,REFR,02004332,
0200D75D,REFR,02005890,
0200D75E,REFR,02005892,
0200D75F,REFR,0200589D,
0200D760,REFR,02003BDA,
0200D761,REFR,02003BDB,
0200D762,REFR,02003BDA,
0200D763,REFR,02003BDA,
0200D764,REFR,02003BDA,
0200D765,REFR,02005892,
0200D766,REFR,02012DB9,
0200D767,REFR,02012DB9,
0200D768,REFR,0200A2CF,
0200D769,REFR,02008940,
0200D76A,REFR,020059C2,
0200D76B,REFR,00016440,
0200D76C,REFR,020059C2,
0200D76D,REFR,02005837,
0200D76E,REFR,000B945B,
0200D770,REFR,0200280F,
0200D771,REFR,0200588E,
0200D772,REFR,02006AA6,
0200D773,REFR,02006AA3,
0200D774,REFR,02003BD9,
0200D775,REFR,02003BD9,
0200D776,REFR,02003BD9,
0200D777,REFR,02003BD9,
0200D778,REFR,02003BD9,
0200D779,REFR,02003BDB,
0200D77A,REFR,02004333,
0200D77B,REFR,02004332,
0200D77C,REFR,020059C2,
0200D77D,REFR,0200589F,
0200D77E,REFR,0200A2CF,
0200D77F,REFR,00016440,
0200D780,REFR,02008940,
0200D781,REFR,020059C2,
0200D782,REFR,02005837,
0200D783,REFR,02003BDA,
0200D784,REFR,02003BDA,
0200D785,REFR,02004332,
0200D786,REFR,02004332,
0200D787,REFR,02004334,
0200D788,REFR,02003BDB,
0200D789,REFR,02003BDB,
0200D78A,REFR,02003BDB,
0200D78B,REFR,02003BDA,
0200D78C,REFR,02003AD5,
0200D790,REFR,02003BDA,
0200D791,REFR,02004333,
0200D792,REFR,02004332,
0200D793,REFR,02004332,
0200D794,REFR,02004332,
0200D795,REFR,02004332,
0200D796,REFR,02004334,
0200D797,REFR,02004334,
0200D798,REFR,02004332,
0200D799,REFR,02003BD9,
0200D79D,REFR,02005892,
0200D79E,REFR,02003BDA,
0200D79F,REFR,02003BDA,
0200D7A0,REFR,0200588E,
0200D841,REFR,0200E3E5,
0200D842,REFR,0200E3EB,
0200D843,REFR,0200E3EC,
0200D844,REFR,0200E3EC,
0200D845,REFR,0200E3E3,
0200D846,REFR,0200E3EB,
0200D847,REFR,0200E3EC,
0200D848,REFR,0200E3E5,
0200D849,REFR,0200E3EB,
0200D84A,REFR,0200CA84,
0200D84C,REFR,0200CA84,
0200D84D,REFR,02013F0C,
0200D84E,REFR,0000003B,
0200D84F,REFR,0000003B,
0200D850,REFR,0000003B,
0200D851,REFR,0000003B,
0200D852,REFR,0000003B,
0200D854,REFR,0200CA84,
0200D855,REFR,0006F273,
0200D856,REFR,0200CA84,
0200D857,REFR,0200E3E5,
0200D858,REFR,0200E3EB,
0200D859,REFR,0200CA84,
0200D85C,REFR,02006868,
0200D85E,REFR,0200CA84,
0200D85F,REFR,02013F0C,
0200D860,REFR,0000003B,
0200D862,REFR,0000003B,
0200D864,REFR,0000003B,
0200D865,REFR,0000003B,
0200D866,REFR,0000003B,
0200D867,REFR,0000003B,
0200D868,REFR,0000003B,
0200D86A,REFR,02006868,
0200D86B,REFR,0200E3E5,
0200D87B,REFR,0200E3EB,
0200D87D,REFR,0200E3EC,
0200D895,REFR,0200DDB5,
0200D89A,REFR,02003BDB,
0200D89B,REFR,0200CA84,
0200D89E,REFR,02013F0C,
0200D89F,REFR,0000003B,
0200D8A0,REFR,0000003B,
0200D8A1,REFR,0000003B,
0200D8A2,REFR,0000003B,
0200D8A3,REFR,0000003B,
0200D8A4,REFR,0000003B,
0200D8A5,REFR,0000003B,
0200D8A6,REFR,0000003B,
0200DC58,REFR,00098BE3,
0200DC59,REFR,0200588E,
0200DC5A,REFR,02006AA6,
0200DC5B,REFR,0200588E,
0200DC5C,REFR,02012DB9,
0200DC5D,REFR,02012DB9,
0200DC5F,REFR,02004332,
0200DC60,REFR,02004333,
0200DC61,REFR,02003BDA,
0200DC62,REFR,02003BDA,
0200DC63,REFR,02003BDA,
0200DC64,REFR,02003BDA,
0200DC65,REFR,02005894,
0200DC66,REFR,02005894,
0200DC67,REFR,02006AA3,
0200DC68,REFR,02006AA4,
0200DC69,REFR,02006AA4,
0200DC6A,REFR,02012DB9,
0200DC6B,REFR,02012DB9,
0200DC6C,REFR,02003BD9,
0200DC6D,REFR,02003BD9,
0200DC6E,REFR,0001819A,
0200DC6F,REFR,00018BA5,
0200DC70,REFR,00018195,
0200DC71,REFR,00018195,
0200DC72,REFR,0001B0A9,
0200DC73,REFR,02003BD9,
0200DC75,REFR,02004333,
0200DC76,REFR,02004333,
0200DC77,REFR,02004333,
0200DC78,REFR,02004334,
0200DC79,REFR,02004334,
0200DC7A,REFR,02003BDA,
0200DC7B,REFR,0001819A,
0200DC7C,REFR,00018BA5,
0200DDAC,REFR,02005837,
0200DDAD,REFR,02008940,
0200DDAE,REFR,00016440,
0200DDAF,REFR,0200A2CF,
0200DDB0,REFR,020058A1,
0200DDB1,REFR,02004333,
0200DDB2,REFR,02004333,
0200DDB3,REFR,02004334,
0200DDB4,REFR,02004334,
0200DF62,REFR,0200280E,
0200DF64,REFR,02004333,
0200DF65,REFR,02004332,
0200DF66,REFR,02004334,
0200DF67,REFR,02004333,
0200DF68,REFR,020059CA,
0200DF69,REFR,020059CB,
0200DF6B,REFR,020059CC,
0200DF6D,REFR,02002814,
0200DF6E,REFR,02004334,
0200DF6F,REFR,02004333,
0200DF71,REFR,020059CB,
0200DF72,REFR,0200280E,
0200DF73,REFR,0200280C,
0200DF74,REFR,020059CA,
0200DF79,REFR,02004332,
0200DF7A,REFR,02003BD9,
0200DF7B,REFR,02004332,
0200DF7C,REFR,02004333,
0200E195,REFR,0200DDB5,
0200E196,REFR,0200DDB5,
0200E197,REFR,0200DDB5,
0200E198,REFR,0200DDB5,
0200E199,REFR,02004333,
0200E19A,REFR,02003BDA,
0200E19B,REFR,02003BDA,
0200E19C,REFR,02003BDA,
0200E19D,REFR,02003BDA,
0200E19E,REFR,02003BDB,
0200E19F,REFR,0200DDB5,
0200E1A3,REFR,02003AD5,
0200E1A7,REFR,02003BDA,
0200E1A8,REFR,02003BDA,
0200E1A9,REFR,02003BDA,
0200E1AA,REFR,02003BDA,
0200E1AE,REFR,02003BDA,
0200E1AF,REFR,02003BDA,
0200E1B0,REFR,02005892,
0200E1B1,REFR,02005892,
0200E1B2,REFR,02004333,
0200E1B3,REFR,02004334,
0200E1B4,REFR,02004334,
0200E1B5,REFR,02003BDA,
0200E1B6,REFR,02003BDA,
0200E1B7,REFR,02003BDA,
0200E1B8,REFR,02003BDA,
0200E1B9,REFR,02003BDA,
0200E1BA,REFR,02003BDA,
0200E1BB,REFR,0200DDB5,
0200E1C0,REFR,02005894,
0200E1C1,REFR,02005894,
0200E1C5,REFR,00077777,
0200E1CA,REFR,0200280D,
0200E1CB,REFR,0200280E,
0200E1CC,REFR,0200280C,
0200E1D1,REFR,02003BDA,
0200E1D2,REFR,02003BDA,
0200E1D3,REFR,02003BDA,
0200E1D4,REFR,02003BDA,
0200E1D5,REFR,02003BDA,
0200E1D6,REFR,02003BDA,
0200E1DA,REFR,02003BDA,
0200E1DB,REFR,02003BDA,
0200E1DC,REFR,02003BDA,
0200E1DD,REFR,02003BDA,
0200E1DE,REFR,02005892,
0200E1DF,REFR,0200588E,
0200E1E0,REFR,02003BDB,
0200E1E1,REFR,02004334,
0200E1E2,REFR,02004334,
0200E1E3,REFR,02004334,
0200E1E4,REFR,0200DDB5,
0200E1E5,REFR,0200DDB5,
0200E1E6,REFR,02004333,
0200E1EC,REFR,02003BDA,
0200E1ED,REFR,02003BDA,
0200E1EE,REFR,02003BDA,
0200E1EF,REFR,02003BDA,
0200E1F0,REFR,02003BDA,
0200E1F1,REFR,0200DDB5,
0200E1F2,REFR,02005892,
0200E1F3,REFR,02005892,
0200E1F8,REFR,02005892,
0200E203,REFR,02003BDA,
0200E204,REFR,02003BDA,
0200E205,REFR,02003BDA,
0200E206,REFR,02003BDA,
0200E207,REFR,02003BDA,
0200E208,REFR,02003BDA,
0200E209,REFR,0200DDB5,
0200E20A,REFR,0200DDB5,
0200E20B,REFR,02003BDB,
0200E20C,REFR,02004333,
0200E20D,REFR,02004333,
0200E20E,REFR,02004334,
0200E20F,REFR,02003BDB,
0200E311,REFR,0200E3EF,
0200E3E0,REFR,000B09E4,
0200E3E1,REFR,000B09E4,
0200E3F1,REFR,0200E3E7,
0200E3F3,REFR,02003AD5,
0200E3F4,REFR,0200DDB5,
0200E3F5,REFR,0200DDB5,
0200E3F6,REFR,0200DDB5,
0200E3F7,REFR,02003AD4,
0200E3F8,REFR,0200280F,
0200E3FB,REFR,02003BDA,
0200E400,REFR,02003BDA,
0200E419,REFR,02003BDA,
0200E41A,REFR,02003BDA,
0200E41B,REFR,02003BDA,
0200E41C,REFR,02003BDA,
0200E433,REFR,02003BDA,
0200E434,REFR,02003BDA,
0200E435,REFR,02003BDA,
0200E436,REFR,02003BDA,
0200E437,REFR,0200DDB5,
0200E438,REFR,0200DDB5,
0200E439,REFR,0200DDB5,
0200E43F,REFR,0200C230,
0200E440,REFR,0200E3E8,
0200E441,REFR,0200E3E7,
0200E442,REFR,0200DDB5,
0200E443,REFR,0200E3E4,
0200E444,REFR,0200E3E4,
0200E445,REFR,0200DDB5,
0200E446,REFR,02003BDB,
0200E447,REFR,0200DDB5,
0200E448,REFR,02003AD4,
0200E449,REFR,02004334,
0200E44A,REFR,02003BDA,
0200E44B,REFR,02003BDA,
0200E44C,REFR,02003BDA,
0200E44D,REFR,02003BDA,
0200E44E,REFR,02003BDA,
0200E44F,REFR,02003BDA,
0200E450,REFR,02003BDA,
0200E451,REFR,02003BDA,
0200E452,REFR,02003BDA,
0200E453,REFR,0200DDB5,
0200E462,REFR,0200280D,
0200E46D,REFR,0200DDB5,
0200E46E,REFR,0200DDB5,
0200E46F,REFR,0200DDB5,
0200E470,REFR,0200DDB5,
0200E471,REFR,02003BDA,
0200E472,REFR,02003BDA,
0200E473,REFR,02003BDA,
0200E474,REFR,02003BDA,
0200E475,REFR,02003BDA,
0200E476,REFR,0200A2CF,
0200E477,REFR,02005837,
0200E478,REFR,00016440,
0200E479,REFR,02008940,
0200E47B,REFR,02004333,
0200E47C,REFR,02004334,
0200E47E,REFR,02003BD9,
0200E47F,REFR,02003BD9,
0200E480,REFR,020059C2,
0200E481,REFR,020059C2,
0200E482,REFR,02005892,
0200E483,REFR,02006AA3,
0200E489,REFR,02005896,
0200E48A,REFR,02006AA3,
0200E48B,REFR,02003BDA,
0200E48D,REFR,02003BDA,
0200E48E,REFR,02003BDA,
0200E48F,REFR,0200DDB5,
0200E490,REFR,0200DDB5,
0200E491,REFR,0200DDB5,
0200E492,REFR,0200DDB5,
0200E493,REFR,0200DDB5,
0200E494,REFR,0200DDB5,
0200E495,REFR,0200DDB5,
0200E499,REFR,02003BDA,
0200E49A,REFR,02003BDA,
0200E49B,REFR,02003BDA,
0200E49C,REFR,02003BDA,
0200E49D,REFR,02003BDA,
0200E49E,REFR,02003BDA,
0200E49F,REFR,02005890,
0200E4A0,REFR,0200DDB5,
0200E4A1,REFR,0200DDB5,
0200E4A2,REFR,02003BDA,
0200E4A3,REFR,02003BDA,
0200E4A4,REFR,02003BDA,
0200E4A5,REFR,02003BDA,
0200E4A6,REFR,0200DDB5,
0200E4A7,REFR,0200280C,
0200E4A8,REFR,0200280D,
0200E4A9,REFR,02002814,
0200E4AA,REFR,02002814,
0200E4AB,REFR,020059CD,
0200E4AC,REFR,020059CD,
0200E4AF,REFR,02006AA3,
0200E4B0,REFR,02006AA3,
0200E4B1,REFR,02005892,
0200E4BD,REFR,0200C22E,
0200E4BE,REFR,0200C22E,
0200E4BF,REFR,0200C22E,
0200E4C0,REFR,0200C22E,
0200E4C1,REFR,0200C22E,
0200E4C2,REFR,0200C22E,
0200E4C3,REFR,0200C22E,
0200E4C4,REFR,0200C22E,
0200E4C5,REFR,0200C22E,
0200E4C6,REFR,0200C22E,
0200E4C7,REFR,0200C22E,
0200E4C8,REFR,0200C22E,
0200E4C9,REFR,0200C22E,
0200E4CA,REFR,0200C22E,
0200E4CB,REFR,0200C22E,
0200E4CC,REFR,0200C230,
0200E4CD,REFR,0200C22E,
0200E4CE,REFR,0200C22E,
0200E4CF,REFR,0200C22E,
0200E4D0,REFR,0200C235,
0200E4D1,REFR,0200C235,
0200E4D2,REFR,0200C235,
0200E4D3,REFR,0200C235,
0200E4D4,REFR,0200C22E,
0200E4D6,REFR,0200C22D,
0200E4D7,REFR,0200C22E,
0200E4D9,REFR,02007ADA,
0200E4DA,REFR,0200C22D,
0200E4DB,REFR,02007ADA,
0200E4DC,REFR,02007ADA,
0200E4DD,REFR,02007ADA,
0200E4DE,REFR,02007AD8,
0200E4DF,REFR,0200C235,
0200E4E0,REFR,0200C235,
0200E4E1,REFR,0200C235,
0200E4E2,REFR,0200C235,
0200E4E3,REFR,0200C235,
0200E4E4,REFR,0200C235,
0200E4E5,REFR,0200C235,
0200E4E6,REFR,0200C22D,
0200E4E9,REFR,0200C235,
0200E4EA,REFR,0200C235,
0200E4EB,REFR,0200C235,
0200E4EC,REFR,0200C235,
0200E4ED,REFR,0200C235,
0200E4EE,REFR,0200C235,
0200E4EF,REFR,0200C235,
0200E4F0,REFR,0200C235,
0200E4F1,REFR,0200933D,
0200E4F2,REFR,02007AD9,
0200E4F3,REFR,02009341,
0200E4F4,REFR,02007ADA,
0200E4F5,REFR,02007ADA,
0200E4F6,REFR,02009341,
0200E4F7,REFR,02007ADA,
0200E4F8,REFR,02007ADA,
0200E4F9,REFR,0200C22E,
0200E4FA,REFR,0200C22E,
0200E4FB,REFR,0200933D,
0200E4FC,REFR,0200C235,
0200E4FD,REFR,0200C235,
0200E4FE,REFR,0200C235,
0200E4FF,REFR,0200C235,
0200E500,REFR,0200933C,
0200E501,REFR,02007AD8,
0200E502,REFR,02007AD8,
0200E503,REFR,02007AD8,
0200E505,REFR,0200C235,
0200E506,REFR,0200C235,
0200E507,REFR,0200C235,
0200E508,REFR,0200C235,
0200E509,REFR,0200C235,
0200E50A,REFR,0200C235,
0200E50B,REFR,0200C235,
0200E50C,REFR,0200C235,
0200E50D,REFR,0200C235,
0200E50E,REFR,0200C235,
0200E50F,REFR,0200C235,
0200E510,REFR,0200C235,
0200E511,REFR,0200C235,
0200E512,REFR,0200C235,
0200E513,REFR,0200C235,
0200E514,REFR,0200C235,
0200E515,REFR,0200C235,
0200E516,REFR,0200C235,
0200E517,REFR,0200C235,
0200E518,REFR,0200C235,
0200E519,REFR,0200C235,
0200E51A,REFR,0200C235,
0200E51B,REFR,0200933B,
0200E51C,REFR,0200933A,
0200E51D,REFR,0200933A,
0200E51E,REFR,0200933B,
0200E51F,REFR,0200C22E,
0200E520,REFR,02007ADA,
0200E521,REFR,0200C22E,
0200E522,REFR,02009340,
0200E523,REFR,02007ADA,
0200E524,REFR,0200C22D,
0200E525,REFR,02007ADA,
0200E526,REFR,02007ADA,
0200E527,REFR,02007AD8,
0200E528,REFR,0200933D,
0200E529,REFR,02009341,
0200E52A,REFR,02007ADA,
0200E52B,REFR,02009341,
0200E52C,REFR,0200933C,
0200E52D,REFR,02007AD8,
0200E52E,REFR,02007AD8,
0200E52F,REFR,02007AD8,
0200E530,REFR,0200933B,
0200E531,REFR,0200933A,
0200E532,REFR,02007ADA,
0200E533,REFR,02009341,
0200E534,REFR,02007ADA,
0200E535,REFR,02007ADA,
0200E536,REFR,0200933A,
0200E537,REFR,0200933B,
0200E538,REFR,0200C22E,
0200E539,REFR,0200933D,
0200E53A,REFR,0200C22E,
0200E53B,REFR,0200C22E,
0200E53C,REFR,0200C22E,
0200E53D,REFR,0200C22E,
0200E53E,REFR,0200C22E,
0200E53F,REFR,0200C22E,
0200E540,REFR,0200C22E,
0200E541,REFR,0200C22E,
0200E542,REFR,0200C22E,
0200E543,REFR,0200C22E,
0200E544,REFR,0200C22E,
0200E546,REFR,0200C235,
0200E547,REFR,0200C235,
0200E548,REFR,0200C235,
0200E549,REFR,0200C235,
0200E54A,REFR,0200C235,
0200E54B,REFR,0200C235,
0200E54C,REFR,0200C235,
0200E54D,REFR,0200C235,
0200E54E,REFR,0200C235,
0200E54F,REFR,0200C235,
0200E550,REFR,0200C235,
0200E551,REFR,0200C235,
0200E552,REFR,0200C235,
0200E553,REFR,0200C235,
0200E554,REFR,0200C235,
0200E556,REFR,0200C22F,
0200E557,REFR,0200C22F,
0200E558,REFR,0200C22E,
0200E559,REFR,0200C22E,
0200E55A,REFR,0200C22E,
0200E55B,REFR,0200C22E,
0200E55C,REFR,0200C22E,
0200E55D,REFR,0200C22E,
0200E55E,REFR,0200C22E,
0200E560,REFR,0200C22E,
0200E561,REFR,0200C22E,
0200E567,REFR,0200C22E,
0200E568,REFR,0200C22E,
0200E569,REFR,0200C22E,
0200E56A,REFR,0200C22E,
0200E56C,REFR,0200C235,
0200E56E,REFR,0200C235,
0200E56F,REFR,0200C235,
0200E570,REFR,0200C235,
0200E571,REFR,0200C235,
0200E572,REFR,0200C235,
0200E573,REFR,0200C235,
0200E577,REFR,0200C235,
0200E578,REFR,0200C235,
0200E579,REFR,0200C22E,
0200E57A,REFR,0200C22E,
0200E57B,REFR,0200C235,
0200E57F,REFR,0200C22D,
0200E580,REFR,0200C22E,
0200E581,REFR,0200C22E,
0200E582,REFR,0200C22E,
0200E583,REFR,0200C22E,
0200E585,REFR,0200C235,
0200E586,REFR,0200C22E,
0200E587,REFR,0200C22E,
0200E588,REFR,0200C22E,
0200E58D,REFR,0200C22E,
0200E58E,REFR,0200C22E,
0200E58F,REFR,0200C22E,
0200E590,REFR,0200C22E,
0200E591,REFR,0200C22E,
0200E592,REFR,0200C22E,
0200E599,REFR,0200C22E,
0200E59A,REFR,0200C22E,
0200E59B,REFR,0200C22E,
0200E59C,REFR,0200C22E,
0200E59D,REFR,0200C22E,
0200E59E,REFR,0200C22E,
0200E59F,REFR,0200C22E,
0200E5A0,REFR,0200C22D,
0200E5A1,REFR,0200C235,
0200E5A2,REFR,0200C235,
0200E5A3,REFR,0200C22D,
0200E5A4,REFR,0200C235,
0200E5A5,REFR,0200C235,
0200E5A6,REFR,0200C235,
0200E5A7,REFR,0200C235,
0200E5A8,REFR,0200C235,
0200E5A9,REFR,0200E3F0,
0200E5AE,REFR,0200C231,
0200E5AF,REFR,0200E3F0,
0200E5B0,REFR,0200E3F0,
0200E5B1,REFR,0200E3E9,
0200E5B2,REFR,0200E3E9,
0200E5B3,REFR,0200280C,
0200E5B4,REFR,020059CE,
0200E5B5,REFR,020059CB,
0200E5B7,REFR,0200280D,
0200E5B8,REFR,020059C9,
0200E5B9,REFR,020059CE,
0200E5BA,REFR,02002814,
0200E5BB,REFR,020059CA,
0200E5BC,REFR,020059CE,
0200E5BD,REFR,0200280E,
0200E5BE,REFR,0200E3E9,
0200E5BF,REFR,02003BD9,
0200E5C0,REFR,02003BDA,
0200E5C1,REFR,02003BD9,
0200E5C2,REFR,0200E3EB,
0200E5C3,REFR,0200E3EB,
0200E5C4,REFR,0200E3EA,
0200E5C5,REFR,0200E3EB,
0200E5C6,REFR,0200E3E5,
0200E5C8,REFR,0200E3E3,
0200E5C9,REFR,0200E3EC,
0200E5CA,REFR,0200E3EC,
0200E5CB,REFR,0200C22D,
0200E5CD,REFR,0200C22E,
0200E5CE,REFR,0200C22E,
0200E5CF,REFR,0200C22E,
0200E5D0,REFR,0200C22E,
0200E5D1,REFR,0200C22E,
0200E5D2,REFR,0200C22E,
0200E5D3,REFR,0200C22E,
0200E5D4,REFR,0200C22E,
0200E5D5,REFR,0200C22E,
0200E5D6,REFR,0200C22E,
0200E5D7,REFR,0200C22E,
0200E5D8,REFR,0200C22E,
0200E5D9,REFR,0200C22E,
0200E5DA,REFR,0200C22E,
0200E5DB,REFR,0200C22E,
0200E5DC,REFR,0200C22E,
0200E5DD,REFR,0200C22D,
0200E5DE,REFR,0200C22E,
0200E5DF,REFR,0200C22E,
0200E5E0,REFR,0200E3F0,
0200E5E1,REFR,0200E3F0,
0200E5E3,REFR,0200E3F0,
0200E5E4,REFR,020059C9,
0200E5E5,REFR,0200280C,
0200E5E6,REFR,020059C9,
0200E5E7,REFR,0200280D,
0200E5E8,REFR,020059CA,
0200E5EA,REFR,020059C9,
0200E5EB,REFR,020059CD,
0200E5EC,REFR,020059CA,
0200E5ED,REFR,020059CE,
0200E5EE,REFR,020059CC,
0200E5EF,REFR,020059CC,
0200E5F0,REFR,0200C235,
0200E5F1,REFR,0200C235,
0200E5F2,REFR,0200C235,
0200E5F3,REFR,0200C235,
0200E5F4,REFR,0200C235,
0200E5F5,REFR,0200C235,
0200E5F6,REFR,0200C235,
0200E5F7,REFR,0200C235,
0200E5F8,REFR,0200C235,
0200E5F9,REFR,0200C235,
0200E5FA,REFR,0200C235,
0200E5FB,REFR,0200C235,
0200E5FC,REFR,0200C235,
0200E5FD,REFR,0200C235,
0200E5FE,REFR,0200C235,
0200E5FF,REFR,0200C235,
0200E600,REFR,0200C235,
0200E601,REFR,0200C235,
0200E602,REFR,0200C235,
0200E603,REFR,0200C235,
0200E604,REFR,0200C235,
0200E605,REFR,0200C235,
0200E606,REFR,0200C235,
0200E607,REFR,0200C235,
0200E609,REFR,0200C22D,
0200E60A,REFR,0200C22D,
0200E60B,REFR,0200C232,
0200E60C,REFR,0200C230,
0200E60D,REFR,0200E3F0,
0200E60E,REFR,0200C22E,
0200E60F,REFR,0200C22E,
0200E610,REFR,0200C235,
0200E611,REFR,0200C235,
0200E613,REFR,0200C235,
0200E614,REFR,0200C235,
0200E615,REFR,0200C235,
0200E618,REFR,0200C22E,
0200E61A,REFR,0200E3F0,
0200E61B,REFR,0200E3F0,
0200E61C,REFR,0200E3F0,
0200E625,REFR,0200C235,
0200E626,REFR,0200C235,
0200E627,REFR,0200C235,
0200E628,REFR,0200C235,
0200E629,REFR,0200C235,
0200E62A,REFR,0200C235,
0200E62B,REFR,0200C235,
0200E62E,REFR,0200C235,
0200E62F,REFR,0200C235,
0200E630,REFR,0200C235,
0200E631,REFR,0200C235,
0200E636,REFR,0200C22E,
0200E637,REFR,0200C22E,
0200E638,REFR,0200C22E,
0200E639,REFR,0200C22E,
0200E63A,REFR,0200C22E,
0200E63B,REFR,0200C22E,
0200E63C,REFR,0200C22E,
0200E63D,REFR,0200C22E,
0200E63E,REFR,0200C22E,
0200E63F,REFR,0200C22E,
0200E640,REFR,0200C22E,
0200E641,REFR,0200C22E,
0200E642,REFR,0200C22E,
0200E643,REFR,0200C22E,
0200E644,REFR,0200C22E,
0200E645,REFR,0200C22E,
0200E646,REFR,0200C22E,
0200E647,REFR,0200C22E,
0200E648,REFR,0200C22E,
0200E649,REFR,0200C22E,
0200E64A,REFR,0200C22E,
0200E64B,REFR,0200C22E,
0200E64C,REFR,0200C22E,
0200E64D,REFR,0200C22E,
0200E64E,REFR,0200C22E,
0200E652,REFR,0200C22E,
0200E655,REFR,0200C22E,
0200E658,REFR,0200C22E,
0200E65F,REFR,0200C22E,
0200E660,REFR,0200C22E,
0200E661,REFR,0200C22E,
0200E663,REFR,0200C22E,
0200E664,REFR,0200C22E,
0200E665,REFR,0200C22E,
0200E66A,REFR,0200E3F0,
0200E66B,REFR,0200E3F0,
0200E66C,REFR,0200E3F0,
0200E66D,REFR,0200E3F0,
0200E66F,REFR,0200C235,
0200E670,REFR,0200C235,
0200E671,REFR,0200C235,
0200E672,REFR,0200C235,
0200E674,REFR,0200C235,
0200E675,REFR,0200C235,
0200E676,REFR,0200C235,
0200E677,REFR,0200C235,
0200E678,REFR,0200C235,
0200E679,REFR,0200C235,
0200E67A,REFR,0200C235,
0200E67B,REFR,0200C22D,
0200E680,REFR,0200C22D,
0200E681,REFR,0200C22D,
0200E682,REFR,0200C22E,
0200E683,REFR,0200C22E,
0200E686,REFR,0200C235,
0200E687,REFR,0200C235,
0200E68A,REFR,0200C235,
0200E68D,REFR,0200C22D,
0200E68E,REFR,0200C22E,
0200E68F,REFR,0200C235,
0200E691,REFR,0200C22D,
0200E692,REFR,0200E3F0,
0200E693,REFR,0200E3F0,
0200E694,REFR,0200E3F0,
0200E695,REFR,0200E3F0,
0200E696,REFR,02003AD3,
0200E698,REFR,0200C230,
0200E699,REFR,0200C230,
0200E69A,REFR,0200C230,
0200E69B,REFR,0200C230,
0200E6B2,REFR,0200280F,
0200E6B3,REFR,02003AD4,
0200E6B4,REFR,0200C22E,
0200E6B5,REFR,0200C22E,
0200E6B6,REFR,0200C22E,
0200E6B7,REFR,0200C22E,
0200E6B8,REFR,0200C22D,
0200E6B9,REFR,0200C22E,
0200E6BA,REFR,0200C22E,
0200E6BB,REFR,0200C22E,
0200E6BC,REFR,0200C22E,
0200E6BD,REFR,0200C22E,
0200E6BE,REFR,0200C22E,
0200E6C0,REFR,0200C235,
0200E6C1,REFR,0200C235,
0200E6C2,REFR,0200C235,
0200E6C3,REFR,0200C235,
0200E6C4,REFR,0200C235,
0200E6C5,REFR,0200C235,
0200E6C7,REFR,0200C235,
0200E6C8,REFR,0200C235,
0200E6C9,REFR,0200C235,
0200E6CA,REFR,0200C235,
0200E6CB,REFR,0200C22F,
0200E6CC,REFR,0200C22E,
0200E6CD,REFR,0200C22E,
0200E6CE,REFR,0200C22E,
0200E6D1,REFR,0200C235,
0200E6D2,REFR,0200C235,
0200E6D3,REFR,0200C235,
0200E6D4,REFR,0200C235,
0200E6D7,REFR,0200E3F0,
0200E6DD,REFR,0200C22D,
0200E6DF,REFR,0200C232,
0200E6E0,REFR,0200C232,
0200E6E3,REFR,0200E3F0,
0200E6E5,REFR,0200C235,
0200E6E6,REFR,0200C235,
0200E6E7,REFR,0200C235,
0200E6E8,REFR,0200C235,
0200E6EC,REFR,0200C22E,
0200E6ED,REFR,0200C22E,
0200E6EE,REFR,0200C22E,
0200E6EF,REFR,0200C22E,
0200E6F0,REFR,0200C22E,
0200E6F1,REFR,0200C22E,
0200E6F3,REFR,0200C22E,
0200E6F4,REFR,0200C22E,
0200E6F5,REFR,0200C22E,
0200E6F6,REFR,0200C22E,
0200E6F7,REFR,0200C22E,
0200E6F8,REFR,0200C235,
0200E6F9,REFR,0200C235,
0200E6FA,REFR,0200C235,
0200E6FB,REFR,0200C235,
0200E6FC,REFR,0200C235,
0200E6FD,REFR,0200C235,
0200E6FF,REFR,0200C235,
0200E700,REFR,0200C235,
0200E701,REFR,0200C235,
0200E702,REFR,0200C235,
0200E703,REFR,0200C235,
0200E704,REFR,0200C235,
0200E705,REFR,0200C22D,
0200E706,REFR,0200C22D,
0200E70B,REFR,0200280F,
0200E70C,REFR,0200C22E,
0200E70D,REFR,0200C22E,
0200E70E,REFR,0200C22E,
0200E70F,REFR,0200C22E,
0200E710,REFR,0200C22E,
0200E711,REFR,0200C22E,
0200E712,REFR,0200C22E,
0200E713,REFR,0200C22E,
0200E714,REFR,0200C22E,
0200E715,REFR,0200C22E,
0200E717,REFR,0200C22D,
0200E718,REFR,0200C22E,
0200E719,REFR,0200C22E,
0200E71B,REFR,0200C235,
0200E71D,REFR,0200C235,
0200E71E,REFR,0200C235,
0200E71F,REFR,0200C235,
0200E721,REFR,0200E3E7,
0200E722,REFR,0200C22E,
0200E723,REFR,0200C22E,
0200E724,REFR,0200C235,
0200E725,REFR,0200C235,
0200E726,REFR,0200C235,
0200E727,REFR,0200C235,
0200E728,REFR,0200C235,
0200E729,REFR,0200C235,
0200E72C,REFR,02009340,
0200E72D,REFR,02007ADA,
0200E72E,REFR,0200C22D,
0200E72F,REFR,0200C22E,
0200E730,REFR,0200C235,
0200E732,REFR,0200C22E,
0200E733,REFR,0200E3F0,
0200E734,REFR,0200C235,
0200E735,REFR,02007ADA,
0200E736,REFR,02007ADA,
0200E737,REFR,02007ADA,
0200E738,REFR,02007ADA,
0200E739,REFR,02007ADA,
0200E73A,REFR,02007ADA,
0200E73B,REFR,02007ADA,
0200E73C,REFR,02009341,
0200E73D,REFR,02007AD9,
0200E73E,REFR,02009341,
0200E73F,REFR,02007AD9,
0200E740,REFR,02007AD9,
0200E741,REFR,02009341,
0200E742,REFR,02007AD9,
0200E743,REFR,0200933A,
0200E744,REFR,0200933B,
0200E745,REFR,0200933A,
0200E746,REFR,0200933B,
0200E747,REFR,02007AD8,
0200E748,REFR,02007AD8,
0200E749,REFR,02007AD8,
0200E74A,REFR,0200C22E,
0200E74B,REFR,0200C22E,
0200E74C,REFR,0200C22E,
0200E74D,REFR,0200C22E,
0200E74E,REFR,0200C22E,
0200E74F,REFR,0200C22E,
0200E750,REFR,0200C22E,
0200E751,REFR,0200C22E,
0200E752,REFR,0200C22E,
0200E753,REFR,0200C22E,
0200E754,REFR,0200C235,
0200E755,REFR,0200C235,
0200E756,REFR,0200C235,
0200E757,REFR,0200C235,
0200E758,REFR,0200C235,
0200E759,REFR,0200C235,
0200E75A,REFR,0200C235,
0200E75B,REFR,0200C235,
0200E75C,REFR,0200C235,
0200E75F,REFR,0200E3E5,
0200E760,REFR,0200E3E5,
0200E761,REFR,0200C22E,
0200E762,REFR,0200E3F0,
0200E763,REFR,0200C235,
0200E764,REFR,0200C235,
0200E765,REFR,0200C234,
0200E766,REFR,0200C234,
0200E767,REFR,0200C233,
0200E768,REFR,0200C234,
0200E769,REFR,0200C234,
0200E76A,REFR,0200C234,
0200E76B,REFR,0200C233,
0200E76C,REFR,0200C234,
0200E76D,REFR,0200C233,
0200E76E,REFR,0200C234,
0200E76F,REFR,0200C233,
0200E770,REFR,0200C234,
0200E772,REFR,0200C234,
0200E773,REFR,0200C233,
0200E774,REFR,0200C234,
0200E775,REFR,0200C233,
0200E777,REFR,0200C233,
0200E778,REFR,0200C233,
0200E779,REFR,0200C234,
0200E77A,REFR,0200C233,
0200E77B,REFR,0200C233,
0200E77C,REFR,0200C233,
0200E77D,REFR,0200C234,
0200E77E,REFR,0200C233,
0200E77F,REFR,0200C234,
0200E780,REFR,0200C233,
0200E788,REFR,020059CA,
0200E78A,REFR,020059C9,
0200E78B,REFR,0200C230,
0200E78C,REFR,0200C22E,
0200E78D,REFR,0200C22E,
0200E78E,REFR,0200C22E,
0200E78F,REFR,0200C22E,
0200E790,REFR,0200C22E,
0200E791,REFR,0200C22E,
0200E792,REFR,0200C235,
0200E793,REFR,0200C22D,
0200E794,REFR,0200C235,
0200E795,REFR,0200C235,
0200E796,REFR,0200C235,
0200E797,REFR,0200C235,
0200E798,REFR,0200C235,
0200E799,REFR,0200C235,
0200E79A,REFR,0200C235,
0200E79B,REFR,0200C233,
0200E79C,REFR,0200C233,
0200E79D,REFR,0200C234,
0200E79E,REFR,0200E3E9,
0200E79F,REFR,0200E3E9,
0200E7A0,REFR,0200E3E2,
0200E7B6,REFR,0200E3E9,
0200E7B7,REFR,0200E3E6,
0200E7B8,REFR,0200E3E6,
0200E7BA,REFR,020041F3,
0200E7BB,REFR,02007AD8,
0200E7BC,REFR,02007AD8,
0200E7BD,REFR,020041E6,
0200E7BE,REFR,020041E7,
0200E7BF,REFR,020041E4,
0200E7C0,REFR,020041E4,
0200E7C1,REFR,020041E5,
0200E7C2,REFR,020041F5,
0200E7C4,REFR,020041E3,
0200E7C8,REFR,020041E8,
0200E7C9,REFR,020041E8,
0200E7CA,REFR,020041ED,
0200E7CB,REFR,020041ED,
0200E7CC,REFR,020041E9,
0200E7CD,REFR,020041E9,
0200E7CE,REFR,020041F0,
0200E7CF,REFR,020041E8,
0200E7D0,REFR,020041EB,
0200E7D3,REFR,020041E8,
0200E7D4,REFR,020041E8,
0200E7D5,REFR,02003BD9,
0200E7D6,REFR,02003BDA,
0200E7D8,REFR,02004334,
0200E7D9,REFR,020041E8,
0200E7DC,REFR,020041ED,
0200E7DD,REFR,020041ED,
0200E7DE,REFR,020041F0,
0200E7DF,REFR,020041F0,
0200E7E0,REFR,020041E8,
0200E7E1,REFR,020041ED,
0200E7E2,REFR,020041E8,
0200E7E3,REFR,020041ED,
0200E7E4,REFR,020041ED,
0200E7E5,REFR,020041ED,
0200E7E6,REFR,020041EE,
0200E7E7,REFR,020041EF,
0200E7EC,REFR,02003BD9,
0200E7EF,REFR,020041E8,
0200E7F0,REFR,020041E8,
0200E7F1,REFR,020041ED,
0200E7F2,REFR,020041E8,
0200E7F3,REFR,020041E8,
0200E7F4,REFR,020041ED,
0200E7F5,REFR,020041ED,
0200E7F6,REFR,020041ED,
0200E7F7,REFR,020041ED,
0200E7F9,REFR,020041EE,
0200E7FA,REFR,020041EC,
0200E7FC,REFR,020041E8,
0200E7FF,REFR,020041E8,
0200E800,REFR,020041E8,
0200E804,REFR,0200E3EB,
0200E805,REFR,020041E5,
0200E806,REFR,020041F3,
0200E807,REFR,020041F5,
0200E808,REFR,020041E6,
0200E809,REFR,020041E6,
0200E80A,REFR,020041E6,
0200E80B,REFR,020041E7,
0200E80C,REFR,020041E6,
0200E80D,REFR,020041E6,
0200E80E,REFR,020041F3,
0200E80F,REFR,020041F4,
0200E810,REFR,020041E1,
0200E811,REFR,020041FC,
0200E812,REFR,02007AD8,
0200E813,REFR,020041F3,
0200E814,REFR,02007AD8,
0200E815,REFR,02007AD8,
0200E816,REFR,0200E3E5,
0200E817,REFR,0200E3E5,
0200E818,REFR,0200E3EB,
0200E819,REFR,0200CA84,
0200E81A,REFR,020041E8,
0200E81F,REFR,0200CA84,
0200E820,REFR,02013F0C,
0200E821,REFR,0000003B,
0200E822,REFR,0000003B,
0200E823,REFR,0000003B,
0200E824,REFR,0000003B,
0200E825,REFR,0000003B,
0200E826,REFR,020041E9,
0200E827,REFR,020041E8,
0200E828,REFR,020041F0,
0200E829,REFR,0000003B,
0200E82A,REFR,020041E5,
0200E82B,REFR,0000003B,
0200E82C,REFR,0000003B,
0200E82D,REFR,0000003B,
0200E82E,REFR,020041E2,
0200E82F,REFR,020041E6,
0200E830,REFR,020041E6,
0200E831,REFR,020041F5,
0200E832,REFR,020041F6,
0200E833,REFR,020041E6,
0200E834,REFR,020041E6,
0200E835,REFR,020041E1,
0200E839,REFR,020041ED,
0200E83B,REFR,0200CA84,
0200E83D,REFR,0200CA84,
0200E83E,REFR,02013F0C,
0200E83F,REFR,0000003B,
0200E840,REFR,0000003B,
0200E841,REFR,0000003B,
0200E842,REFR,0000003B,
0200E843,REFR,0000003B,
0200E844,REFR,0000003B,
0200E845,REFR,0000003B,
0200E847,REFR,02006868,
0200E84A,REFR,0200CA84,
0200E84B,REFR,02013F0C,
0200E84C,REFR,0000003B,
0200E84D,REFR,0000003B,
0200E84E,REFR,0000003B,
0200E84F,REFR,0000003B,
0200E850,REFR,0000003B,
0200E851,REFR,0000003B,
0200E854,REFR,0000003B,
0200E855,REFR,020041E8,
0200E85A,REFR,02006868,
0200E85B,REFR,02013F0C,
0200E85C,REFR,0000003B,
0200E85D,REFR,0000003B,
0200E85E,REFR,0000003B,
0200E85F,REFR,0000003B,
0200E860,REFR,0000003B,
0200E861,REFR,0000003B,
0200E862,REFR,02013F0C,
0200E863,REFR,0000003B,
0200E864,REFR,0000003B,
0200E865,REFR,0000003B,
0200E866,REFR,0000003B,
0200E867,REFR,0000003B,
0200E868,REFR,0000003B,
0200E869,REFR,0200CA84,
0200E874,REFR,020041F2,
0200E876,REFR,020041ED,
0200E877,REFR,020041E8,
0200E878,REFR,020041E8,
0200E879,REFR,020041E8,
0200E87B,REFR,020041E8,
0200E88B,REFR,020041E8,
0200E896,REFR,020041E8,
0200E897,REFR,020041E8,
0200E8AA,REFR,020041E0,
0200E8AB,REFR,020041E0,
0200E8B0,REFR,020041ED,
0200E8B1,REFR,020041ED,
0200E8B4,REFR,0200E3EB,
0200E8B5,REFR,0200E3E3,
0200E8B6,REFR,0200E3E4,
0200E8B9,REFR,0200E3E3,
0200E8BB,REFR,0200E3EC,
0200E8BC,REFR,0200E3E4,
0200E8BF,REFR,020041F8,
0200E8C0,REFR,020041F9,
0200E8C1,REFR,020041FA,
0200E8C4,REFR,020041F7,
0200E8C6,REFR,0200E3EB,
0200E8C7,REFR,0200E3EC,
0200E8C8,REFR,0200E3EC,
0200E8DB,REFR,020041FB,
0200E8DC,REFR,020041FB,
0200E8E2,REFR,020041ED,
0200E8E3,REFR,020041ED,
0200E8E5,REFR,020041ED,
0200E8E6,REFR,020041ED,
0200E8E7,REFR,020041ED,
0200E8E9,REFR,020041E8,
0200E8EA,REFR,020041E8,
0200E8EB,REFR,020041E8,
0200E8EC,REFR,020041ED,
0200E8ED,REFR,020041ED,
0200E904,REFR,020041E6,
0200E905,REFR,020041E2,
0200E906,REFR,020041E3,
0200E907,REFR,020041E8,
0200E908,REFR,020041E8,
0200E909,REFR,020041F0,
0200E90A,REFR,020041ED,
0200E90B,REFR,020041E1,
0200E90C,REFR,020041E1,
0200E90D,REFR,020041E8,
0200E914,REFR,020041E5,
0200E916,REFR,020041F5,
0200E917,REFR,020041E8,
0200E918,REFR,020041EC,
0200E919,REFR,020041F0,
0200E91A,REFR,020041E8,
0200E91B,REFR,020041F0,
0200E91C,REFR,020041E8,
0200E91D,REFR,020041E8,
0200E91E,REFR,020041ED,
0200E91F,REFR,020041ED,
0200E920,REFR,020041ED,
0200E921,REFR,020041ED,
0200E924,REFR,020041F2,
0200E925,REFR,020041E8,
0200E926,REFR,020041E8,
0200E927,REFR,020041E8,
0200E928,REFR,020041E8,
0200E92B,REFR,020041E8,
0200E92C,REFR,020041E8,
0200E92D,REFR,020041E8,
0200E92E,REFR,020041E8,
0200E92F,REFR,020041E8,
0200E930,REFR,020041E8,
0200E931,REFR,020041E8,
0200E932,REFR,020041E8,
0200E933,REFR,020041E8,
0200E934,REFR,020041E8,
0200E935,REFR,020041E8,
0200E936,REFR,020041E8,
0200E937,REFR,020041E8,
0200E939,REFR,020041E8,
0200E93A,REFR,020041E8,
0200E93B,REFR,020041E8,
0200E93C,REFR,020041E8,
0200E93E,REFR,020041ED,
0200E93F,REFR,020041ED,
0200E940,REFR,020041ED,
0200E941,REFR,020041E8,
0200E942,REFR,020041E8,
0200E943,REFR,020041ED,
0200E944,REFR,020041ED,
0200E946,REFR,020041ED,
0200E94C,REFR,00000032,
0200E94F,REFR,020041E8,
0200E950,REFR,020041E8,
0200E951,REFR,020041E8,
0200E952,REFR,020041E8,
0200E953,REFR,020041ED,
0200E955,REFR,020041EC,
0200E956,REFR,020041F2,
0200E95A,REFR,020041F2,
0200E95B,REFR,020041F0,
0200E95C,REFR,020041F0,
0200E95D,REFR,020041ED,
0200E95E,REFR,020041ED,
0200E95F,REFR,020041ED,
0200E960,REFR,020041ED,
0200E961,REFR,020041ED,
0200E962,REFR,020041ED,
0200E963,REFR,020041ED,
0200E964,REFR,020041ED,
0200E965,REFR,0200C234,
0200E966,REFR,0200C233,
0200E967,REFR,0200C233,
0200E968,REFR,0200C235,
0200E969,REFR,0200C235,
0200E96A,REFR,0200C235,
0200E96B,REFR,0200C235,
0200E96C,REFR,0200C235,
0200E96D,REFR,0200C235,
0200E96E,REFR,0200C235,
0200E96F,REFR,0200C235,
0200E970,REFR,0200C22E,
0200E971,REFR,0200C22E,
0200E972,REFR,0200C22E,
0200E973,REFR,0200C22E,
0200E974,REFR,0200C22E,
0200E975,REFR,0200C22E,
0200E976,REFR,0200E3F0,
0200E977,REFR,0200C230,
0200E978,REFR,0200C234,
0200E979,REFR,0200C233,
0200E97A,REFR,0200C233,
0200E97B,REFR,0200C235,
0200E97C,REFR,0200C235,
0200E97D,REFR,0200C235,
0200E97E,REFR,0200C235,
0200E97F,REFR,0200C235,
0200E980,REFR,0200C235,
0200E981,REFR,0200C235,
0200E982,REFR,0200C235,
0200E983,REFR,0200C22E,
0200E984,REFR,0200C22E,
0200E985,REFR,0200C22E,
0200E986,REFR,0200C22E,
0200E987,REFR,0200C22E,
0200E988,REFR,0200C22E,
0200E989,REFR,0200E3F0,
0200E98A,REFR,0200C22F,
0200E98B,REFR,0200C22D,
0200E98C,REFR,0200C235,
0200E98D,REFR,0200C22F,
0200E98E,REFR,0200C22F,
0200E98F,REFR,0200E3F0,
0200E990,REFR,0200E3F0,
0200E991,REFR,020041E8,
0200E992,REFR,020041E8,
0200E993,REFR,020041E8,
0200E994,REFR,020041E8,
0200E99B,REFR,0200C22E,
0200E99C,REFR,0200C22E,
0200E99D,REFR,0200C22E,
0200E99E,REFR,0200C22E,
0200E99F,REFR,02003AD4,
0200E9A0,REFR,0200C235,
0200E9A1,REFR,0200C235,
0200E9A2,REFR,0200C235,
0200E9A3,REFR,0200C235,
0200E9A4,REFR,0200C235,
0200E9A5,REFR,0200C235,
0200E9A7,REFR,0200C235,
0200E9A8,REFR,0200C235,
0200E9A9,REFR,0200C22D,
0200E9AA,REFR,0200E3E6,
0200E9AB,REFR,0200E3E9,
0200E9AC,REFR,0200E3E2,
0200E9AD,REFR,020041ED,
0200E9AE,REFR,020041ED,
0200E9AF,REFR,020041ED,
0200E9B0,REFR,020041ED,
0200E9B1,REFR,020041ED,
0200E9B2,REFR,020041ED,
0200E9B3,REFR,020041E8,
0200E9B4,REFR,020041E8,
0200E9BF,REFR,02005896,
0200E9C0,REFR,02005896,
0200E9C1,REFR,0200588F,
0200E9C2,REFR,0200DDB5,
0200E9C3,REFR,02003BDA,
0200E9C4,REFR,02003BDA,
0200E9C5,REFR,02003BDA,
0200E9C6,REFR,02003BDA,
0200E9C7,REFR,02006AA3,
0200E9D6,REFR,0200DDB5,
0200E9D7,REFR,0200DDB5,
0200E9D8,REFR,0200DDB5,
0200E9DF,REFR,02012DB9,
0200E9E0,REFR,02003BDA,
0200E9E3,REFR,0200E3E6,
0200E9E5,REFR,0200E3E6,
0200E9E6,REFR,02005894,
0200E9E7,REFR,0200E9E8,
0200EA74,REFR,0000003B,
0200EA77,REFR,000140BD,
0200EA78,REFR,000140BD,
0200EA79,REFR,000140BD,
0200EA7A,ACHR,020071AD,
0200EA7B,REFR,000140BD,
0200EA7C,REFR,000140BD,
0200EA7D,ACHR,020071AD,Easy
0200EA7E,REFR,000140BD,
0200EA7F,REFR,000140BD,
0200EA80,REFR,000140BD,
0200EA81,REFR,0000003B,
0200EA82,REFR,0200825D,
0200EA83,ACHR,0200BF5E,Easy
0200EA84,REFR,0200825D,
0200EA85,ACHR,0200BF5C,Easy
0200EA86,REFR,0200825D,
0200EA87,ACHR,0200BF5E,Easy
0200EA88,REFR,00048AC0,
0200EA89,REFR,0200825D,
0200EA8A,ACHR,0200BF5C,Easy
0200EA8D,REFR,0200EA8C,
0200EA8E,REFR,0000003B,
0200EA90,REFR,0200E9E8,
0200EA91,REFR,0200E9E8,
0200EAA6,REFR,02005837,
0200EAA7,REFR,020059C2,
0200EAA8,REFR,02008940,
0200EAA9,REFR,00016440,
0200EAAA,REFR,0200A2CF,
0200EAAB,REFR,020059C2,
0200EAAC,REFR,02005837,
0200EAAD,REFR,020059C2,
0200EAAE,REFR,02008940,
0200EAAF,REFR,00016440,
0200EAB0,REFR,0200A2CF,
0200EAB1,REFR,020059C2,
0200EAB2,REFR,02005837,
0200EAB3,REFR,020059C2,
0200EAB4,REFR,02008940,
0200EAB6,REFR,0200A2CF,
0200EAB7,REFR,020059C2,
0200EAB8,REFR,0200DDB5,
0200EACE,REFR,0200E3EB,
0200EAD0,REFR,0200E3EA,
0200EAD7,REFR,02012DB9,
0200EAD9,REFR,02012DB9,
0200EADA,REFR,02003BDA,
0200EADB,REFR,02003BDA,
0200EADD,REFR,0200E3EB,
0200EAE2,REFR,02003BDA,
0200EAE3,REFR,02003BDA,
0200EAE4,REFR,02003BDA,
0200EAE5,REFR,02003BDA,
0200EAE6,REFR,0200DDB5,
0200EAE7,REFR,0200DDB5,
0200EAE8,REFR,0200DDB5,
0200EAEA,REFR,0200E3EB,
0200EAEC,REFR,0200DDB5,
0200EAF0,REFR,020059C9,
0200EAFC,REFR,0200DDB5,
0200EAFD,REFR,0200DDB5,
0200EAFE,REFR,0200DDB5,
0200EAFF,REFR,0200DDB5,
0200EB00,REFR,0200DDB5,
0200EB01,REFR,0200280C,
0200EB19,REFR,020059CC,
0200EB1A,REFR,02003BDA,
0200EB1B,REFR,02003BDA,
0200EB1C,REFR,02003BDA,
0200EB1D,REFR,02003BDA,
0200EB1E,REFR,02003BDA,
0200EB1F,REFR,0200DDB5,
0200EB20,REFR,0200DDB5,
0200EB21,REFR,0200DDB5,
0200EB22,REFR,0200DDB5,
0200EB23,REFR,02004333,
0200EB24,REFR,02004333,
0200EB25,REFR,02004333,
0200EB29,REFR,0200DDB5,
0200EB2A,REFR,0200DDB5,
0200EB2B,REFR,02004333,
0200EB2C,REFR,02004333,
0200EB33,REFR,0200E9E9,
0200EB34,REFR,02006AA3,
0200EB35,REFR,02003BDA,
0200EB36,REFR,02003BDA,
0200EB37,REFR,0200E9E9,
0200EB38,REFR,02006AA3,
0200EB39,REFR,02003BDA,
0200EB3A,REFR,02003BDA,
0200EB3B,REFR,02003BDB,
0200EB43,REFR,02012DB9,
0200EB44,REFR,02012DB9,
0200EB45,REFR,02012DB9,
0200EB46,REFR,02012DB9,
0200EB47,REFR,02012DB9,
0200EB48,REFR,02012DB9,
0200EB49,REFR,02003BDA,
0200EB4A,REFR,0200DDB5,
0200EB4B,REFR,0200DDB5,
0200EB4C,REFR,02003BDA,
0200EB58,REFR,0200E3F0,
0200EB59,REFR,0200E3E7,
0200EB5A,REFR,0200E3E6,
0200EB5B,REFR,0200E9E8,
0200EB5C,REFR,0200E9E9,
0200EB5D,REFR,0200E9E9,
0200EB5E,REFR,0200DDB5,
0200EB5F,REFR,0200DDB5,
0200EB6D,REFR,0200DDB5,
0200EB6E,REFR,0200DDB5,
0200EB6F,REFR,0200E9E9,
0200EB74,REFR,0200E9E8,
0200EB75,REFR,0200DDB5,
0200EB76,REFR,02003BDA,
0200EB77,REFR,02003BDA,
0200EB78,REFR,02003BDA,
0200EB79,REFR,02003BDA,
0200EB7A,REFR,02003BDA,
0200EB84,REFR,02003BDA,
0200EB85,REFR,02003BDA,
0200EB86,REFR,02012DB9,
0200EB87,REFR,02012DB9,
0200EB89,REFR,02012DB9,
0200EB8A,REFR,02012DB9,
0200EB8E,REFR,020059CC,
0200EB8F,REFR,020059CC,
0200EB96,REFR,0200DDB5,
0200EB97,REFR,0200DDB5,
0200EB98,REFR,0200DDB5,
0200EB99,REFR,0200DDB5,
0200EB9A,REFR,0200DDB5,
0200EB9B,REFR,02003BDA,
0200EB9C,REFR,02003BDA,
0200EB9D,REFR,02003BDA,
0200EB9E,REFR,02003BDA,
0200EB9F,REFR,0200DDB5,
0200EBA0,REFR,0200DDB5,
0200EBA9,REFR,0200280E,
0200EBAA,REFR,0200280E,
0200EBAD,REFR,020059CA,
0200EBAE,REFR,020059CA,
0200EBAF,REFR,020059CA,
0200EBC2,REFR,02003BDB,
0200EBC3,REFR,02003BDA,
0200EBC4,REFR,02003BDA,
0200EBC5,REFR,02003BDA,
0200EBC6,REFR,02003BDA,
0200EBC8,REFR,00000032,
0200EBC9,REFR,0200DDB5,
0200EBCA,REFR,0200DDB5,
0200EBCB,REFR,0200DDB5,
0200EBCF,REFR,0200DDB5,
0200EBD0,REFR,02003BDA,
0200EBD1,REFR,02003BDA,
0200EBD2,REFR,02003BDA,
0200EBD3,REFR,0200E9E9,
0200EBD4,REFR,0200DDB5,
0200EBD5,REFR,02004333,
0200EBD6,REFR,02006AA3,
0200EBD7,REFR,02003BDA,
0200EBDE,REFR,020059CC,
0200EBE5,REFR,02003BDA,
0200EBE6,REFR,02003BDA,
0200EBE7,REFR,02003BDA,
0200EBE8,REFR,02003BDA,
0200EBE9,REFR,02003BDA,
0200EBEA,REFR,02003BDA,
0200EBEB,REFR,02003BDA,
0200EBEC,REFR,02003BDA,
0200EBF3,REFR,0200DDB5,
0200EBF4,REFR,0200DDB5,
0200EBF5,REFR,0200DDB5,
0200EBF6,REFR,0200DDB5,
0200EBF7,REFR,0200DDB5,
0200EBF8,REFR,0200E9E8,
0200EBF9,REFR,02003BDA,
0200EBFA,REFR,02003BDA,
0200EBFB,REFR,02003BDA,
0200EBFC,REFR,02003BDA,
0200EBFD,REFR,02003BDA,
0200EBFE,REFR,0200E9E8,
0200EBFF,REFR,0200E9E8,
0200EC2B,REFR,020058A1,
0200EC2C,REFR,0200E9E8,
0200EC2D,REFR,02005892,
0200EC2E,REFR,02006AA3,
0200EC2F,REFR,02004334,
0200EC30,REFR,0200DDB5,
0200EC32,REFR,0200DDB5,
0200EC33,REFR,0200DDB5,
0200EC34,REFR,02003BDA,
0200EC35,REFR,02003BDA,
0200EC36,REFR,02003BDA,
0200EC37,REFR,02003BDA,
0200EC38,REFR,0200280D,
0200EC39,REFR,020059C9,
0200EC3A,REFR,020059CB,
0200EC3B,REFR,0200280D,
0200EC3C,REFR,020059CA,
0200EC3D,REFR,020059CB,
0200EC3E,REFR,020059CB,
0200EC3F,REFR,020059CA,
0200EC40,REFR,020059CA,
0200EC41,REFR,02002814,
0200EC42,REFR,020059C9,
0200EC43,REFR,020059C9,
0200EC44,REFR,020059CA,
0200EC45,REFR,020059CB,
0200EC46,REFR,020059CA,
0200EC47,REFR,0200280C,
0200EC48,REFR,0200280C,
0200EC49,REFR,0200280C,
0200EC4A,REFR,02002814,
0200EC4B,REFR,020059C9,
0200EC4C,REFR,02002814,
0200EC4E,REFR,020059CB,
0200EC4F,REFR,020059CB,
0200EC50,REFR,020059C9,
0200EC51,REFR,02002814,
0200EC52,REFR,0200280D,
0200EC53,REFR,0200280D,
0200EC54,REFR,0200E9E8,
0200EC55,REFR,0200DDB5,
0200EC56,REFR,0200DDB5,
0200EC57,REFR,02004333,
0200EC5A,REFR,0200588F,
0200EC5B,REFR,0200DDB5,
0200EC5C,REFR,020059C9,
0200EC5D,REFR,0200280E,
0200EC5E,REFR,020059CB,
0200EC5F,REFR,020059CB,
0200EC60,REFR,0200280D,
0200EC61,REFR,020059CB,
0200EC63,REFR,020059CB,
0200EC64,REFR,02003BDA,
0200EC65,REFR,02003BDA,
0200EC66,REFR,02003BDA,
0200EC67,REFR,02003BDA,
0200EC68,REFR,02003BDA,
0200EC69,REFR,02003BDA,
0200EC6A,REFR,02003BDA,
0200EC6B,REFR,02003BDA,
0200EC6C,REFR,02003BDA,
0200EC6D,REFR,02003BDA,
0200EC6E,REFR,02003BDA,
0200EC6F,REFR,02003BDB,
0200EC70,REFR,02003BDB,
0200EC71,REFR,02003BDB,
0200EC72,REFR,02003BDB,
0200EC73,REFR,02003BD9,
0200EC74,REFR,02003BD9,
0200EC75,REFR,02003BD9,
0200EC76,REFR,02003BD9,
0200EC77,REFR,0200589D,
0200EC78,REFR,0200589D,
0200EC79,REFR,02004333,
0200EC7A,REFR,0200DDB5,
0200EC7B,REFR,0200280E,
0200EC7C,REFR,0200280C,
0200EC7D,REFR,020059CB,
0200EC7E,REFR,020059CB,
0200EC7F,REFR,0200280E,
0200EC80,REFR,020059CA,
0200EC81,REFR,020059CB,
0200EC82,REFR,0200280D,
0200EC83,REFR,020059CA,
0200EC84,REFR,02002814,
0200EC85,REFR,020059C9,
0200EC86,REFR,020059CB,
0200EC87,REFR,02003BDA,
0200EC88,REFR,02003BDA,
0200EC89,REFR,0200E9E8,
0200EC90,REFR,0200588F,
0200EC91,REFR,0200E9E9,
0200EC92,REFR,0200E9E9,
0200EC93,REFR,0200E9E8,
0200EC94,REFR,0200E9E8,
0200EC96,REFR,0200E9E9,
0200EC97,REFR,0200A2CF,
0200EC98,REFR,00016440,
0200EC99,REFR,02008940,
0200EC9A,REFR,020059C2,
0200EC9B,REFR,020059C2,
0200EC9C,REFR,02005837,
0200EC9D,REFR,0200588E,
0200EC9E,REFR,0200DDB5,
0200EC9F,REFR,0200DDB5,
0200ECA0,REFR,0200DDB5,
0200ECA5,REFR,02003BDA,
0200ECA8,REFR,02003BDA,
0200ECA9,REFR,02003BDA,
0200ECAA,REFR,02003BDA,
0200ECAB,REFR,02003BDA,
0200ECAC,REFR,02003BDA,
0200ECAD,REFR,02003BDA,
0200ECAE,REFR,02003BDA,
0200ECAF,REFR,02003BDA,
0200ECB5,REFR,02003BDA,
0200ECB6,REFR,02003BDA,
0200ECB7,REFR,0200DDB5,
0200ECB8,REFR,0200DDB5,
0200ECB9,REFR,0200DDB5,
0200ECBA,REFR,0200DDB5,
0200ECBD,REFR,02003BDA,
0200ECBF,REFR,02003BDA,
0200ECC0,REFR,02003BDA,
0200ECC1,REFR,02003BDA,
0200ECC2,REFR,02003BDA,
0200ECC3,REFR,02003BDA,
0200ECC4,REFR,02003BDA,
0200ECC5,REFR,02003BDA,
0200ECC6,REFR,02003BDA,
0200ECC7,REFR,02003BDA,
0200ECC8,REFR,02003BDA,
0200ECC9,REFR,02003BDA,
0200ECCA,REFR,02003BDA,
0200ECCB,REFR,02003BDA,
0200ECCD,REFR,02003BDB,
0200ECCE,REFR,02003BDB,
0200ECCF,REFR,02004333,
0200ECD1,REFR,0200DDB5,
0200ECFB,REFR,0200280C,
0200ECFC,REFR,0200280E,
0200ED04,REFR,0200280C,
0200ED07,REFR,0200280E,
0200ED08,REFR,0200280E,
0200ED09,REFR,0200280C,
0200ED0A,REFR,020059CC,
0200ED0F,REFR,020059CC,
0200ED10,REFR,020059CA,
0200ED17,REFR,0200DDB5,
0200ED18,REFR,02003BDA,
0200ED19,REFR,02003BDA,
0200ED1A,REFR,02003BDA,
0200ED1B,REFR,02003BDA,
0200ED1C,REFR,02003BDA,
0200ED1D,REFR,02004333,
0200ED1F,REFR,0200DDB5,
0200ED20,REFR,0200DDB5,
0200ED21,REFR,0200DDB5,
0200ED22,REFR,02004334,
0200ED23,REFR,02004334,
0200ED24,REFR,02004333,
0200ED2B,REFR,00048AC0,
0200ED2C,REFR,0200825D,
0200ED2D,ACHR,02004575,Easy
0200ED2E,ACHR,02004575,Easy
0200ED2F,REFR,0200825D,
0200ED30,ACHR,0200BF5C,Easy
0200ED31,REFR,0200825D,
0200ED32,REFR,0200825D,
0200ED33,ACHR,0200BF5C,Easy
0200ED34,REFR,0000003B,
0200ED35,REFR,00000032,
0200ED37,REFR,0000003B,
0200ED38,REFR,0000003B,
0200ED39,REFR,0000003B,
0200ED3A,ACHR,0200EA8B,Easy
0200ED3B,REFR,0000003B,
0200ED3C,ACHR,0200EA8B,Easy
0200ED3D,ACHR,0200EA8B,Easy
0200ED3E,ACHR,0200EA8B,Easy
0200ED3F,ACHR,0200EA8B,Easy
0200ED40,REFR,0000003B,
0200ED41,ACHR,0200EA8B,Easy
0200ED42,ACHR,0200EA8B,Easy
0200ED43,ACHR,0200EA8B,Easy
0200ED44,ACHR,0200EA8B,Easy
0200ED45,REFR,0000003B,
0200ED46,REFR,0000003B,
0200ED48,REFR,0000003B,
0200ED4A,ACHR,0200EA8B,Easy
0200ED4B,ACHR,0200EA8B,Easy
0200ED4C,ACHR,0200EA8B,Easy
0200ED4D,ACHR,0200EA8B,Easy
0200ED4E,REFR,0000003B,
0200ED81,REFR,020041E8,
0200ED82,REFR,020041E8,
0200ED83,REFR,020041E8,
0200ED84,REFR,020041E8,
0200ED85,REFR,020041E8,
0200ED86,REFR,020041E8,
0200ED87,REFR,020041ED,
0200ED88,REFR,020041ED,
0200ED89,REFR,020041ED,
0200ED8A,REFR,020041ED,
0200ED8B,REFR,020041ED,
0200ED8C,REFR,020041ED,
0200ED8D,REFR,020041ED,
0200ED8E,REFR,020041ED,
0200ED8F,REFR,020041F0,
0200ED90,REFR,020041F0,
0200ED91,REFR,020041FB,
0200ED92,REFR,020041FA,
0200ED93,REFR,020041FA,
0200ED94,REFR,020041FA,
0200ED95,REFR,020041F8,
0200ED97,REFR,020041F2,
0200ED99,REFR,020041E8,
0200ED9A,REFR,020041E8,
0200ED9B,REFR,020041E8,
0200ED9C,REFR,020041E8,
0200ED9D,REFR,020041E8,
0200ED9E,REFR,020041E8,
0200ED9F,REFR,020041ED,
0200EDA0,REFR,020041ED,
0200EDA1,REFR,020041ED,
0200EDA2,REFR,020041ED,
0200EDA3,REFR,020041ED,
0200EDA6,REFR,020041ED,
0200EDA7,REFR,020041F0,
0200EDA8,REFR,020041F0,
0200EDA9,REFR,020041FB,
0200EDAA,REFR,020041FA,
0200EDAB,REFR,020041ED,
0200EDAC,REFR,020041ED,
0200EDAD,REFR,020041E8,
0200EDAE,REFR,020041ED,
0200EDAF,REFR,020041ED,
0200EDB0,REFR,020041E8,
0200EDB1,REFR,020041ED,
0200EDB2,REFR,020041ED,
0200EDB3,REFR,0200E3E2,
0200EDB4,REFR,0200E3E7,
0200EDB7,REFR,0200C235,
0200EDBA,REFR,0200C22E,
0200EDBD,REFR,0200C22E,
0200EDBE,REFR,0200C22E,
0200EDC6,REFR,0200C22E,
0200EDC7,REFR,0200C235,
0200EDCA,REFR,0200C22D,
0200EDD4,REFR,0200C22E,
0200EDD5,REFR,0200C22E,
0200EDD6,REFR,0200C22E,
0200EDD7,REFR,0200C22E,
0200EDD8,REFR,0200C22E,
0200EDD9,REFR,0200C235,
0200EDDA,REFR,0200C235,
0200EDDB,REFR,0200C22E,
0200EDDC,REFR,0200C22E,
0200EDDD,REFR,0200C235,
0200EDE0,REFR,0200C22E,
0200EDE1,REFR,0200C22E,
0200EDE2,REFR,0200C22E,
0200EDE4,REFR,0200C22E,
0200EDE7,REFR,0200C22E,
0200EDE9,REFR,0200C22D,
0200EDEB,REFR,0200C22D,
0200EDED,REFR,0200C235,
0200EDEE,REFR,0200C235,
0200EDF0,REFR,0200C22D,
0200EDF1,REFR,0200C235,
0200EDF3,REFR,0200C22D,
0200EDF9,REFR,0200C235,
0200EDFA,REFR,0200C235,
0200EDFB,REFR,0200C235,
0200EDFE,REFR,0200C235,
0200EE06,REFR,0200C231,
0200EE07,REFR,0200E3F0,
0200EE1A,REFR,0200C22F,
0200EE1B,REFR,0200E3F0,
0200EE1C,REFR,0200C22F,
0200EE1D,REFR,0200C235,
0200EE1F,REFR,0200E3F0,
0200EE39,REFR,0200C232,
0200EE3E,REFR,0200C232,
0200EE40,REFR,0200C235,
0200EE41,REFR,0200C22E,
0200EE47,REFR,0200C22E,
0200EE48,REFR,0200C22E,
0200EE4A,REFR,0200C22D,
0200EE6F,REFR,02007AD9,
0200EE70,REFR,0200C22E,
0200EE71,REFR,0200C232,
0200EECE,REFR,020041E5,
0200EECF,REFR,020041E8,
0200EED0,REFR,020041E8,
0200EED1,REFR,020041E8,
0200EED2,REFR,020041E8,
0200EED3,REFR,020041ED,
0200EED5,REFR,020041E4,
0200EED6,REFR,020041E5,
0200EED7,REFR,02007AD8,
0200EED8,REFR,02007AD8,
0200EED9,REFR,020041E5,
0200EEDA,REFR,020041E5,
0200EEDB,REFR,020041E5,
0200EEDC,REFR,020041E5,
0200EEDD,REFR,020041F4,
0200EEDF,REFR,020041E2,
0200EEE0,REFR,020041E2,
0200EEE1,REFR,020041E2,
0200EEE2,REFR,020041E2,
0200EEE3,REFR,020041ED,
0200EEE4,REFR,020041ED,
0200EEE5,REFR,020041EE,
0200EEE7,REFR,020041F0,
0200EEE8,REFR,020041E8,
0200EEE9,REFR,020041E8,
0200EEEA,REFR,020041ED,
0200EEEB,REFR,020041ED,
0200EEEC,REFR,020041F0,
0200EEED,REFR,020041E5,
0200EEEE,REFR,020041E5,
0200EEEF,REFR,020041F4,
0200EEF0,REFR,020041F3,
0200EEF1,REFR,020041F3,
0200EEF2,REFR,020041F6,
0200EEF3,REFR,020041F6,
0200EEF4,REFR,02007AD8,
0200EEF5,REFR,02007AD8,
0200EEF6,REFR,020041E0,
0200EEF8,REFR,020041EF,
0200EEFA,REFR,020041ED,
0200EEFB,REFR,020041ED,
0200EEFC,REFR,020041E8,
0200EEFD,REFR,020041EE,
0200EEFE,REFR,020041ED,
0200EF00,REFR,020041E8,
0200EF01,REFR,020041ED,
0200EF02,REFR,020041E8,
0200EF03,REFR,020041ED,
0200EF04,REFR,020041ED,
0200EF05,REFR,020041F0,
0200EF07,REFR,020041EE,
0200EF08,REFR,020041EE,
0200EF21,REFR,02003AD5,
0200EF23,REFR,02003AD4,
0200EF24,REFR,02003AD3,
0200F239,REFR,0200E3E4,
0200F23A,REFR,0200E3EC,
0200F23B,REFR,0200E3E3,
0200F23C,REFR,0200E3E3,
0200F242,REFR,0200E3EC,
0200F243,REFR,0200E3E4,
0200F249,REFR,020059CA,
0200F24A,REFR,020059CC,
0200F24B,REFR,0200280D,
0200F24E,REFR,0200E3EC,
0200F24F,REFR,0200E3E5,
0200F250,REFR,0200E3E5,
0200F251,REFR,0200E3EB,
0200F252,REFR,0200E3E4,
0200F253,REFR,0200E3E3,
0200F254,REFR,0200E3E5,
0200F255,REFR,0200E3EC,
0200F256,REFR,0200E3EC,
0200F258,REFR,02004334,
0200F259,REFR,02004332,
0200F25A,REFR,0200E3E5,
0200F25B,REFR,0200E3E5,
0200F25C,REFR,0200E3EC,
0200F25D,REFR,0200E3E3,
0200F25E,REFR,0200E3E4,
0200F25F,REFR,02003BDA,
0200F260,REFR,02004334,
0200F261,REFR,02004334,
0200F263,REFR,020059C9,
0200F265,REFR,0200280C,
0200F266,REFR,0200280D,
0200F27C,REFR,0200E3E5,
0200F27D,REFR,02004333,
0200F27E,REFR,0200E3EC,
0200F27F,REFR,0200E3E4,
0200F280,REFR,0200E3EB,
0200F281,REFR,0200E3E3,
0200F282,REFR,0200DDB5,
0200F283,REFR,0200E3EB,
0200F284,REFR,0200DDB5,
0200F285,REFR,02004332,
0200F296,REFR,0200280D,
0200F299,REFR,020059CE,
0200F29A,REFR,020059CB,
0200F2AF,REFR,0200280D,
0200F2B0,REFR,020059CA,
0200F2B3,REFR,0200280C,
0200F2B6,REFR,02004333,
0200F2B7,REFR,02004334,
0200F2B8,REFR,0200E3EC,
0200F2B9,REFR,0200E3E4,
0200F2BA,REFR,0200E3E3,
0200F2BB,REFR,0200E3E4,
0200F2BC,REFR,0200E3EA,
0200F2BD,REFR,0200E3EB,
0200F2BE,REFR,0200E3EA,
0200F2BF,REFR,0200E3E4,
0200F2C0,REFR,0200E3EC,
0200F2C1,REFR,0200E3EA,
0200F2C2,REFR,0200E3E4,
0200F2CC,REFR,0200280D,
0200F2CE,REFR,02004333,
0200F2CF,REFR,02003BD9,
0200F2D0,REFR,02003BDA,
0200F2D1,REFR,0200E3EB,
0200F2D2,REFR,0200E3E4,
0200F2D3,REFR,0200E3EA,
0200F2D4,REFR,0200E3E3,
0200F2D5,REFR,0200E3E4,
0200F2D6,REFR,0200E3EC,
0200F2D7,REFR,0200E3E4,
0200F2D8,REFR,02003BD9,
0200F2D9,REFR,0200E3E4,
0200F2DE,REFR,020059CA,
0200F2E1,REFR,020059CA,
0200F2E4,REFR,0200E3EC,
0200F2E5,REFR,0200E3EA,
0200F2E6,REFR,0200E3EA,
0200F2E7,REFR,0200E3EB,
0200F2E8,REFR,02004334,
0200F2E9,REFR,0200E3E4,
0200F2EA,REFR,0200DDB5,
0200F2EB,REFR,0200E3EA,
0200F2EC,REFR,0200E3EC,
0200F2ED,REFR,0200E3E4,
0200F2EE,REFR,0200E3E4,
0200F2EF,REFR,02004333,
0200F303,REFR,02004333,
0200F313,REFR,020059CB,
0200F316,REFR,0200E3E5,
0200F317,REFR,0200E3EC,
0200F318,REFR,0200E3EA,
0200F319,REFR,0200E3EB,
0200F31A,REFR,0200E3EB,
0200F31B,REFR,0200E3E4,
0200F31C,REFR,0200E3EA,
0200F31D,REFR,0200E3EC,
0200F320,REFR,0200280E,
0200F321,REFR,020059CA,
0200F325,REFR,0200E3EB,
0200F326,REFR,02004334,
0200F327,REFR,0200E3EB,
0200F328,REFR,0200E3EA,
0200F329,REFR,0200E3EC,
0200F32A,REFR,0200E3E4,
0200F32B,REFR,0200E3E3,
0200F32C,REFR,0200E3EA,
0200F32D,REFR,02004334,
0200F32E,REFR,02004333,
0200F334,REFR,0200DDB5,
0200F335,REFR,02004333,
0200F336,REFR,0200E3E3,
0200F337,REFR,0200E3E4,
0200F338,REFR,0200E3E4,
0200F339,REFR,0200E3EC,
0200F33A,REFR,0200E3EA,
0200F33B,REFR,0200E3EB,
0200F33C,REFR,0200E3E4,
0200F33D,REFR,0200E3E4,
0200F33E,REFR,0200E3EC,
0200F33F,REFR,0200E3EB,
0200F340,REFR,0200E3E4,
0200F341,REFR,0200E3E3,
0200F342,REFR,0200E3E4,
0200F343,REFR,0200DDB5,
0200F344,REFR,02004334,
0200F345,REFR,0200E3E4,
0200F346,REFR,0200E3E4,
0200F347,REFR,0200E3E4,
0200F82E,REFR,0200E3E5,
0200F837,REFR,0200E3EB,
0200F838,REFR,0200E3E5,
0200F850,REFR,0200E3EB,
0200F85A,REFR,0200E3EB,
0200F85E,REFR,0200E3EB,
0200F85F,REFR,0200E3EB,
0200F861,REFR,0200E3EB,
0200F862,REFR,0200E3EB,
0200F863,REFR,0200E3E3,
0200F864,REFR,0200E3EC,
0200F865,REFR,0200E3EB,
0200F866,REFR,0200E3E3,
0200F867,REFR,0200E3EC,
0200F868,REFR,02006AA6,
0200F869,REFR,02006AA3,
0200F86A,REFR,0200E3EB,
0200F86B,REFR,0200E3E4,
0200F86C,REFR,0200E3EC,
0200F86D,REFR,02006AA3,
0200F86E,REFR,02006AA6,
0200F86F,REFR,0200E3EC,
0200F870,REFR,0200E3EB,
0200F871,REFR,0200E3E4,
0200F872,REFR,0200E3EC,
0200F873,REFR,02006AA5,
0200F874,REFR,02006AA5,
0200F875,REFR,0200E3EB,
0200F89E,REFR,0200E3EC,
0200F89F,REFR,0200CA84,
0200F8BB,REFR,02006868,
0200F8BC,REFR,0200CA84,
0200F8C3,REFR,0200CA84,
0200F8C4,REFR,0200CA84,
0200F8CC,REFR,0200CA84,
0200F8D4,REFR,0200CA84,
0200F8D5,REFR,0200CA84,
0200F8D6,REFR,02006868,
0200F8D7,REFR,02006868,
0200F8D8,REFR,02006868,
0200F8DF,REFR,02013F0C,
0200F8E0,REFR,0000003B,
0200F8E8,REFR,0000003B,
0200F8ED,REFR,0000003B,
0200F8EE,REFR,0000003B,
0200F90B,REFR,0000003B,
0200F90E,REFR,0000003B,
0200F911,REFR,0000003B,
0200F940,REFR,02013F0C,
0200F951,REFR,0000003B,
0200F952,REFR,0000003B,
0200F953,REFR,0000003B,
0200F955,REFR,0000003B,
0200F9A3,REFR,0000003B,
0200F9A4,REFR,0000003B,
0200F9A5,REFR,0000003B,
0200F9A6,REFR,0200CA84,
0200F9A7,REFR,02013F0C,
0200F9A8,REFR,0000003B,
0200F9AA,REFR,0000003B,
0200F9AB,REFR,0000003B,
0200F9AC,REFR,0000003B,
0200F9AD,REFR,0000003B,
0200F9AE,REFR,0000003B,
0200F9B0,REFR,0000003B,
0200FA13,REFR,0200280D,
0200FA16,REFR,020059CC,
0200FA1A,REFR,020059CA,
0200FA1B,REFR,0200E3E4,
0200FA1C,REFR,0200E3E3,
0200FA1D,REFR,0200E3E4,
0200FA1E,REFR,0200E3EA,
0200FA1F,REFR,0200DDB5,
0200FA20,REFR,0200E3E4,
0200FA21,REFR,020059CA,
0200FA22,REFR,0200E3E4,
0200FA23,REFR,02004334,
0200FA24,REFR,0200E3E5,
0200FA25,REFR,0200E3E4,
0200FA26,REFR,0200E3EA,
0200FA27,REFR,0200E3E4,
0200FA29,REFR,0200E3E4,
0200FA2A,REFR,0200E3E3,
0200FA2B,REFR,0200E3E4,
0200FA2C,REFR,02005894,
0200FA2D,REFR,02004334,
0200FA2E,REFR,02003BD9,
0200FA30,REFR,0200E9E8,
0200FA31,REFR,02003BDA,
0200FA32,REFR,0200DDB5,
0200FA33,REFR,0200589B,
0200FA34,REFR,02005894,
0200FA35,REFR,02006AA6,
0200FA36,REFR,02006AA3,
0200FA37,REFR,02006AA4,
0200FA38,REFR,02006AA5,
0200FA39,REFR,02006AA5,
0200FA3A,REFR,02006AA4,
0200FA3B,REFR,0200E3E4,
0200FA3C,REFR,0200E3EC,
0200FA3D,REFR,0200E3E4,
0200FA3E,REFR,0200E3E4,
0200FA3F,REFR,02004334,
0200FA40,REFR,02003BD9,
0200FA43,REFR,020059CB,
0200FA48,REFR,02006AA3,
0200FA49,REFR,0200DDB5,
0200FA4A,REFR,0200E3EB,
0200FA4B,REFR,0200E3E4,
0200FA4C,REFR,0200E3EA,
0200FA4D,REFR,0200E3EC,
0200FA4E,REFR,0200E3E4,
0200FA4F,REFR,02004334,
0200FA50,REFR,0200E3EB,
0200FA51,REFR,0200E3E4,
0200FA52,REFR,0200E3E4,
0200FA53,REFR,0200E3EC,
0200FA54,REFR,02005894,
0200FA55,REFR,0200DDB5,
0200FA56,REFR,0200E3E5,
0200FA57,REFR,0200E3EB,
0200FA58,REFR,0200E3EA,
0200FA59,REFR,0200589B,
0200FA5A,REFR,0200E3EC,
0200FA5B,REFR,0200E3EC,
0200FA5C,REFR,0200E3E4,
0200FA5D,REFR,0200E3E4,
0200FA5E,REFR,02006AA3,
0200FA5F,REFR,0200E3EC,
0200FA60,REFR,0200E3E4,
0200FA61,REFR,02004332,
0200FA62,REFR,02003BD9,
0200FA63,REFR,0200DDB5,
0200FA64,REFR,0200E3E5,
0200FA65,REFR,0200E3E4,
0200FA66,REFR,0200E3EC,
0200FA67,REFR,0200E3EB,
0200FA68,REFR,0200E3E4,
0200FA69,REFR,0200E3E4,
0200FA6A,REFR,0200E3EC,
0200FA6B,REFR,02003BDA,
0200FA6C,REFR,0200E3EC,
0200FA6E,REFR,0200589B,
0200FA70,REFR,0200E3EB,
0200FA71,REFR,0200E3E4,
0200FA72,REFR,0200E3EA,
0200FA73,REFR,0200E3E4,
0200FA74,REFR,0200E3E4,
0200FA75,REFR,02003BD9,
0200FA76,REFR,0200DDB5,
0200FA77,REFR,0200E3EC,
0200FA78,REFR,0200E3E5,
0200FA79,REFR,0200E3EB,
0200FA7A,REFR,0200E3E4,
0200FA7B,REFR,0200E3EC,
0200FA7C,REFR,0200E3EC,
0200FA7D,REFR,0200E3EA,
0200FA7E,REFR,0200E3E4,
0200FA7F,REFR,0200E3E4,
0200FA80,REFR,02005892,
0200FA81,REFR,0200589B,
0200FA82,REFR,02003BDA,
0200FA83,REFR,0200DDB5,
0200FA84,REFR,0200C22E,
0200FA85,REFR,0200C235,
0200FA87,REFR,0200E3EC,
0200FA88,REFR,0200E3E4,
0200FA89,REFR,0200E3EA,
0200FA8A,REFR,0200E3EA,
0200FA8B,REFR,0200E3E4,
0200FA8C,REFR,0200E3E3,
0200FA8D,REFR,0200E3E3,
0200FA8E,REFR,0200E3E4,
0200FA8F,REFR,0200E3EB,
0200FA90,REFR,0200E3E3,
0200FA91,REFR,0200E3E4,
0200FA92,REFR,0200E3EC,
0200FA93,REFR,0200E3EA,
0200FA94,REFR,0200E3E4,
0200FA95,REFR,02006AA6,
0200FA96,REFR,02006AA3,
0200FA97,REFR,02006AA5,
0200FA98,REFR,0200E3E4,
0200FA99,REFR,0200E3E5,
0200FA9A,REFR,0200E3EB,
0200FA9B,REFR,0200E3EC,
0200FA9C,REFR,0200E3EA,
0200FA9D,REFR,0200E3E4,
0200FA9E,REFR,0200E3E3,
0200FA9F,REFR,0200E3E2,
0200FAA0,REFR,0200E3E6,
0200FAA3,REFR,0200C231,
0200FAA4,REFR,0200C235,
0200FAA5,REFR,0200DDB5,
0200FAA6,REFR,0200E3EB,
0200FAA7,REFR,0200E3EC,
0200FAA8,REFR,0200E3E4,
0200FAA9,REFR,0200E3E4,
0200FAC5,REFR,02012DB9,
0200FAC6,REFR,02012DB9,
0200FAC7,REFR,02012DB9,
0200FAC8,REFR,02003BDA,
0200FACB,REFR,0200E3E4,
0200FACC,REFR,0200E3E4,
0200FACD,REFR,0200E3E4,
0200FACE,REFR,02003BDA,
0200FACF,REFR,02003BDA,
0200FAD0,REFR,02003BDA,
0200FAD1,REFR,02003BDA,
0200FAD2,REFR,02003BDA,
0200FADA,REFR,0200DDB5,
0200FADB,REFR,02004333,
0200FADC,REFR,02004333,
0200FADD,REFR,02004334,
0200FADE,REFR,02003BDA,
0200FADF,REFR,02003BDA,
0200FAE0,REFR,02003BDA,
0200FAE1,REFR,02003BDA,
0200FAE2,REFR,02003BDA,
0200FAE3,REFR,0200E9E9,
0200FAE4,REFR,02012DB9,
0200FAE5,REFR,02012DB9,
0200FAE6,REFR,02012DB9,
0200FAE7,REFR,02003BDA,
0200FAE8,REFR,02003BDA,
0200FAE9,REFR,02003BDA,
0200FAF1,REFR,0200DDB5,
0200FAF2,REFR,02004334,
0200FAF3,REFR,02004334,
0200FAF4,REFR,0200DDB5,
0200FAF5,REFR,02003BDA,
0200FAF6,REFR,02003BDA,
0200FAF7,REFR,02003BDA,
0200FAF8,REFR,02003BDA,
0200FAF9,REFR,02012DB9,
0200FAFA,REFR,02012DB9,
0200FAFB,REFR,02012DB9,
0200FAFC,REFR,02012DB9,
0200FAFD,REFR,02012DB9,
0200FAFE,REFR,02012DB9,
0200FAFF,REFR,0200588F,
0200FB00,REFR,0200E9E9,
0200FB01,REFR,0200E9E9,
0200FB02,REFR,02006AA3,
0200FB03,REFR,02003BDA,
0200FB04,REFR,02003BDA,
0200FB05,REFR,02003BDA,
0200FB06,REFR,02003BDA,
0200FB07,REFR,02003BDA,
0200FB08,REFR,0200DDB5,
0200FB09,REFR,02004333,
0200FB0A,REFR,02003BDA,
0200FB0B,REFR,02003BDA,
0200FB0C,REFR,02003BDA,
0200FB0D,REFR,0200DDB5,
0200FB0E,REFR,02004333,
0200FB0F,REFR,02004333,
0200FB23,REFR,0200DDB5,
0200FB24,REFR,02003BDA,
0200FB25,REFR,02003BDA,
0200FB26,REFR,0200589C,
0200FB27,REFR,0200E9E9,
0200FB28,REFR,0200E9E9,
0200FB29,REFR,02005890,
0200FB2A,REFR,0200E9E8,
0200FB2B,REFR,02005890,
0200FB2C,REFR,02005890,
0200FB2D,REFR,00016440,
0200FB2E,REFR,02005837,
0200FB2F,REFR,02008940,
0200FB30,REFR,020059C2,
0200FB31,REFR,020059C2,
0200FB32,REFR,0200A2CF,
0200FB34,REFR,0200588E,
0200FB35,REFR,0200E9E9,
0200FB36,REFR,0200E9E8,
0200FB37,REFR,0200E9E8,
0200FB38,REFR,0200E9E9,
0200FB39,REFR,0200588E,
0200FB3A,REFR,0200E9E9,
0200FB3B,REFR,0200E9E8,
0200FB3C,REFR,0200E9E8,
0200FB3D,REFR,0200E9E9,
0200FB3E,REFR,02006AA3,
0200FB3F,REFR,02006AA3,
0200FB78,REFR,0200588E,
0200FB83,REFR,0200DDB5,
0200FB84,REFR,0200DDB5,
0200FB85,REFR,0200DDB5,
0200FB86,REFR,0200DDB5,
0200FB87,REFR,02004333,
0200FB8A,REFR,02003BDA,
0200FB8B,REFR,02003BDA,
0200FB8D,REFR,02003BDA,
0200FB90,REFR,02003BDA,
0200FB91,REFR,02003BDA,
0200FB92,REFR,02003BDA,
0200FB93,REFR,02003BDA,
0200FB94,REFR,02003BDA,
0200FB96,REFR,02003BDA,
0200FB98,REFR,02003BDA,
0200FB99,REFR,0200DDB5,
0200FB9A,REFR,02004333,
0200FB9B,REFR,02004333,
0200FB9C,REFR,02003BDA,
0200FB9D,REFR,02003BDA,
0200FB9E,REFR,02003BDA,
0200FB9F,REFR,02003BDA,
0200FBA0,REFR,02003BDA,
0200FBA1,REFR,02003BDA,
0200FBA2,REFR,02003BDA,
0200FBA3,REFR,02003BDA,
0200FBA4,REFR,02003BDA,
0200FBA5,REFR,02003BDA,
0200FBA6,REFR,02003BDA,
0200FBA7,REFR,02003BDA,
0200FBA8,REFR,02003BDA,
0200FBA9,REFR,0200DDB5,
0200FBAA,REFR,02004332,
0200FBAB,REFR,02004332,
0200FBAC,REFR,02004333,
0200FBAD,REFR,02004334,
0200FBAE,REFR,02004334,
0200FBAF,REFR,02004334,
0200FBB0,REFR,0200DDB5,
0200FBB1,REFR,0200E9E8,
0200FBB2,REFR,02003BDB,
0200FBB3,REFR,02003BDA,
0200FBB4,REFR,02003BDA,
0200FBB5,REFR,02012DB9,
0200FBB6,REFR,02012DB9,
0200FBB9,REFR,02003BDA,
0200FBBA,REFR,02003BDA,
0200FBBB,REFR,02003BDA,
0200FBBC,REFR,02003BDA,
0200FBBD,REFR,02003BDA,
0200FBBE,REFR,02003BDA,
0200FBC0,REFR,02003BDA,
0200FBC1,REFR,02003BDA,
0200FBC2,REFR,02003BDA,
0200FBC3,REFR,0200280C,
0200FBC4,REFR,0200280C,
0200FBC5,REFR,0200280E,
0200FBC6,REFR,020059C9,
0200FBC7,REFR,0200280C,
0200FBC8,REFR,02002814,
0200FBC9,REFR,0200280D,
0200FBCA,REFR,0200280E,
0200FBCB,REFR,020059CA,
0200FBCC,REFR,0200280E,
0200FBCD,REFR,02002814,
0200FBCF,REFR,020059CB,
0200FBD0,REFR,0200280E,
0200FBD1,REFR,020059CA,
0200FBE8,REFR,02003BDA,
0200FBEA,REFR,02003BDA,
0200FBEB,REFR,02003BDA,
0200FBEC,REFR,02003BDA,
0200FBED,REFR,02003BDA,
0200FBEE,REFR,02003BDA,
0200FBEF,REFR,02003BDA,
0200FBF0,REFR,02003BDA,
0200FBF1,REFR,02003BDA,
0200FBF3,REFR,02003BDA,
0200FBF7,REFR,0200E3E4,
0200FBF8,REFR,0200E3E4,
0200FBFA,REFR,0200E3E4,
0200FBFB,REFR,0200E3EC,
0200FBFC,REFR,0200E3EC,
0200FBFD,REFR,0200E3EB,
0200FBFE,REFR,02003BDA,
0200FC00,REFR,02003BDA,
0200FC03,REFR,02003BDA,
0200FC04,REFR,02003BDA,
0200FC05,REFR,02003BDA,
0200FC06,REFR,02003BDA,
0200FC07,REFR,02003BDA,
0200FC1A,REFR,0200280D,
0200FC1B,REFR,0200280C,
0200FC1C,REFR,020059C9,
0200FC1D,REFR,020059CB,
0200FC2A,REFR,02003BDA,
0200FC2B,REFR,02003BDA,
0200FC2C,REFR,02003BDA,
0200FC2E,REFR,02003BDA,
0200FC32,REFR,0200E9E9,
0200FC35,REFR,02005890,
0200FC36,REFR,0200589F,
0200FC37,REFR,0200E9E9,
0200FC38,REFR,0200588E,
0200FC39,REFR,0200588E,
0200FC3A,REFR,0200E9E8,
0200FC3B,REFR,0200E9E9,
0200FC3C,REFR,0200588F,
0200FC3D,REFR,0200588F,
0200FC3E,REFR,0200588F,
0200FC3F,REFR,0200588F,
0200FC40,REFR,0200588F,
0200FC41,REFR,0200588E,
0200FC42,REFR,0200588E,
0200FC43,REFR,0200588E,
0200FC44,REFR,0200588E,
0200FC45,REFR,0200588E,
0200FC46,REFR,0200588F,
0200FC47,REFR,0200588F,
0200FC48,REFR,0200588F,
0200FC49,REFR,02005890,
0200FC4A,REFR,0200E9E9,
0200FC50,REFR,0200E9E9,
0200FC52,REFR,02012DB9,
0200FC53,REFR,02012DB9,
0200FC54,REFR,02012DB9,
0200FC55,REFR,02003BDA,
0200FC56,REFR,02003BDA,
0200FC57,REFR,02003BDA,
0200FC58,REFR,02003BDB,
0200FC59,REFR,02003BDB,
0200FC5A,REFR,02003BDB,
0200FC5B,REFR,02003BDB,
0200FC5C,REFR,02003BDB,
0200FC5D,REFR,0200DDB5,
0200FC5E,REFR,0200DDB5,
0200FC5F,REFR,0200DDB5,
0200FC60,REFR,0200DDB5,
0200FC61,REFR,0200DDB5,
0200FC62,REFR,02004333,
0200FC63,REFR,02004333,
0200FC64,REFR,02004333,
0200FC65,REFR,0200DDB5,
0200FC6A,REFR,02003BDA,
0200FC6D,REFR,02003BDA,
0200FC76,REFR,02006AA3,
0200FC77,REFR,02006AA3,
0200FC78,REFR,02003BDA,
0200FC79,REFR,02003BDA,
0200FC7A,REFR,02003BDA,
0200FC7B,REFR,02003BD9,
0200FC7C,REFR,02003BD9,
0200FC7D,REFR,02003BD9,
0200FCAF,REFR,02003BDA,
0200FCB0,REFR,02003BDA,
0200FCB1,REFR,02003BDA,
0200FCB2,REFR,02003BDA,
0200FCB3,REFR,02003BDA,
0200FCB4,REFR,02003BDA,
0200FCB5,REFR,02003BDA,
0200FCB6,REFR,02003BDA,
0200FCB7,REFR,02003BDA,
0200FCB8,REFR,0200E9E9,
0200FCB9,REFR,0200DDB5,
0200FCBA,REFR,0200DDB5,
0200FCBB,REFR,0200DDB5,
0200FCBC,REFR,0200DDB5,
0200FCBD,REFR,02003BDA,
0200FCBE,REFR,02003BDA,
0200FCBF,REFR,02003BDA,
0200FCC0,REFR,02003BDA,
0200FCC1,REFR,02003BDA,
0200FCC2,REFR,02003BDA,
0200FCC3,REFR,0200DDB5,
0200FCC4,REFR,0200DDB5,
0200FCC8,REFR,02003BDA,
0200FCC9,REFR,02003BDA,
0200FCCD,REFR,0200DDB5,
0200FCCE,REFR,0200DDB5,
0200FCCF,REFR,0200DDB5,
0200FCD5,REFR,0200DDB5,
0200FCD6,REFR,0200DDB5,
0200FCD7,REFR,0200DDB5,
0200FCD9,REFR,0200DDB5,
0200FCDA,REFR,0200DDB5,
0200FCDB,REFR,0200DDB5,
0200FCDC,REFR,0200DDB5,
0200FCDD,REFR,0200DDB5,
0200FCDE,REFR,0200DDB5,
0200FCDF,REFR,0200DDB5,
0200FCE0,REFR,02004333,
0200FCE1,REFR,02003BDB,
0200FCE2,REFR,0200DDB5,
0200FCE3,REFR,0200DDB5,
0200FCE4,REFR,0200DDB5,
0200FCE5,REFR,0200DDB5,
0200FCE6,REFR,0200DDB5,
0200FCE7,REFR,0200DDB5,
0200FCE9,REFR,0200DDB5,
0200FCEA,REFR,02004333,
0200FCEB,REFR,02004333,
0200FCED,REFR,02004333,
0200FCEE,REFR,02003BDA,
0200FCEF,REFR,02003BDA,
0200FCF4,REFR,02003BDA,
0200FCF5,REFR,020059CB,
0200FCF7,REFR,0200DDB5,
0200FCFA,REFR,02003BDA,
0200FCFB,REFR,02003BDA,
0200FCFC,REFR,02003BDA,
0200FCFD,REFR,02003BDA,
0200FCFE,REFR,02003BDA,
0200FCFF,REFR,02003BDA,
0200FD00,REFR,02003BDA,
0200FD01,REFR,02003BDA,
0200FD02,REFR,0200DDB5,
0200FD04,REFR,02004333,
0200FD05,REFR,02004333,
0200FD06,REFR,02004334,
0200FD07,REFR,0200DDB5,
0200FD08,REFR,0200DDB5,
0200FD09,REFR,0200DDB5,
0200FD0A,REFR,0200DDB5,
0200FD0B,REFR,02003BDA,
0200FD0C,REFR,02003BDA,
0200FD0D,REFR,02003BDA,
0200FD0E,REFR,02003BDA,
0200FD0F,REFR,02003BDA,
0200FD10,REFR,02003BDA,
0200FD11,REFR,02003BDA,
0200FD12,REFR,02003BDA,
0200FD13,REFR,02003BDA,
0200FD14,REFR,02003BDA,
0200FD15,REFR,02003BDA,
0200FD18,REFR,0200588E,
0200FD19,REFR,0200588F,
0200FD1A,REFR,0200588F,
0200FD1B,REFR,0200588F,
0200FD1C,REFR,0200588E,
0200FD1F,REFR,02003BDA,
0200FD20,REFR,02003BDA,
0200FD21,REFR,02003BDA,
0200FD22,REFR,02004333,
0200FD23,REFR,02004334,
0200FD24,REFR,0200E9E9,
0200FD25,REFR,0200E9E8,
0200FD26,REFR,0200E9E9,
0200FD27,REFR,0200DDB5,
0200FD28,REFR,0200DDB5,
0200FD29,REFR,0200DDB5,
0200FD2A,REFR,02003BDA,
0200FD2B,REFR,02003BDA,
0200FD2C,REFR,02003BDA,
0200FD2D,REFR,02003BDA,
0200FD2E,REFR,02003BDA,
0200FD2F,REFR,02003BDA,
0200FD30,REFR,02003BDA,
0200FD31,REFR,02003BDA,
0200FD32,REFR,02003BDA,
0200FD33,REFR,02003BDA,
0200FD34,REFR,02004334,
0200FD35,REFR,02004333,
0200FD36,REFR,02004333,
0200FD37,REFR,02003BDA,
0200FD38,REFR,02003BDA,
0200FD39,REFR,0200DDB5,
0200FD3A,REFR,0200DDB5,
0200FD3B,REFR,02004333,
0200FD3C,REFR,02003BDA,
0200FD3D,REFR,020059CC,
0200FD3E,REFR,020059CC,
0200FD3F,REFR,02002814,
0200FD40,REFR,0200280E,
0200FD41,REFR,02002814,
0200FD51,REFR,0200280C,
0200FD52,REFR,020059CC,
0200FD53,REFR,020059CC,
0200FD54,REFR,02002814,
0200FD55,REFR,02002814,
0200FD5F,REFR,02002814,
0200FD60,REFR,0200280C,
0200FD61,REFR,02002814,
0200FD62,REFR,0200280C,
0200FD63,REFR,02003BDA,
0200FD64,REFR,02003BDA,
0200FD65,REFR,02003BDA,
0200FD66,REFR,0200DDB5,
0200FD67,REFR,02012DB9,
0200FD68,REFR,02012DB9,
0200FD69,REFR,02012DB9,
0200FD6A,REFR,02012DB9,
0200FD6B,REFR,02012DB9,
0200FD6C,REFR,02012DB9,
0200FD6D,REFR,02012DB9,
0200FD6E,REFR,02012DB9,
0200FD70,REFR,02003BDA,
0200FD71,REFR,02003BDA,
0200FD72,REFR,02003BDA,
0200FD73,REFR,0200DDB5,
0200FD74,REFR,0200DDB5,
0200FD75,REFR,0200DDB5,
0200FD76,REFR,02003BDA,
0200FD77,REFR,02003BDA,
0200FD78,REFR,02003BDA,
0200FD79,REFR,02003BDA,
0200FD7A,REFR,02003BDA,
0200FD7B,REFR,02003BDA,
0200FD7D,REFR,02003BDA,
0200FD7E,REFR,02003BDA,
0200FD7F,REFR,02003BDA,
0200FD81,REFR,0200DDB5,
0200FD83,REFR,0200DDB5,
0200FD84,REFR,0200DDB5,
0200FD85,REFR,0200DDB5,
0200FD86,REFR,0200DDB5,
0200FD88,REFR,0200DDB5,
0200FD89,REFR,0200DDB5,
0200FD8A,REFR,02003BDA,
0200FD8B,REFR,02003BDA,
0200FD8C,REFR,02003BDA,
0200FD8D,REFR,02003BDA,
0200FD8E,REFR,02003BDA,
0200FD8F,REFR,02003BDA,
0200FD90,REFR,02003BDA,
0200FD91,REFR,0200DDB5,
0200FD93,REFR,02004333,
0200FD94,REFR,02004333,
0200FD97,REFR,02004332,
0200FD98,REFR,02003BDA,
0200FD99,REFR,02003BDA,
0200FD9A,REFR,02003BDA,
0200FD9B,REFR,02003BDA,
0200FD9C,REFR,02003BDA,
0200FD9D,REFR,02003BDA,
0200FD9E,REFR,02003BDA,
0200FD9F,REFR,02003BDA,
0200FDA0,REFR,02003BDA,
0200FDA1,REFR,02003BDA,
0200FDA2,REFR,02003BDA,
0200FDA3,REFR,02003BDA,
0200FDA4,REFR,0200DDB5,
0200FDA5,REFR,0200DDB5,
0200FDA6,REFR,0200DDB5,
0200FDA7,REFR,0200DDB5,
0200FDA8,REFR,0200DDB5,
0200FDA9,REFR,0200DDB5,
0200FDAA,REFR,0200DDB5,
0200FDAB,REFR,0200DDB5,
0200FDAC,REFR,0200DDB5,
0200FDAD,REFR,0200DDB5,
0200FDAE,REFR,0200DDB5,
0200FDAF,REFR,0200DDB5,
0200FDB0,REFR,0200DDB5,
0200FDB1,REFR,0200DDB5,
0200FDCB,REFR,02003BDA,
0200FDCC,REFR,02003BDA,
0200FDCD,REFR,02003BDA,
0200FDCE,REFR,02003BDA,
0200FDCF,REFR,02003BDA,
0200FDD0,REFR,02003BDA,
0200FDD1,REFR,02003BDA,
0200FDD2,REFR,02003BDA,
0200FDD4,REFR,0200DDB5,
0200FDD5,REFR,0200DDB5,
0200FDD6,REFR,0200DDB5,
0200FDD9,REFR,0200E3E9,
0200FDDA,REFR,0200E3E8,
0200FDDB,REFR,0200E3E6,
0200FDDC,REFR,0200E3E6,
0200FDDD,REFR,02003BDA,
0200FDDE,REFR,02003BDA,
0200FDDF,REFR,02003BDA,
0200FDE0,REFR,02003BDA,
0200FDE2,REFR,02003BDA,
0200FDE3,REFR,02003BDA,
0200FDE5,REFR,0200DDB5,
0200FDE6,REFR,0200DDB5,
0200FDE7,REFR,0200DDB5,
0200FDE8,REFR,0200E9E8,
0200FDE9,REFR,0200E9E9,
0200FDEA,REFR,02003BDA,
0200FDEB,REFR,02003BDA,
0200FDEC,REFR,02003BDA,
0200FDED,REFR,02003BDA,
0200FDEE,REFR,02003BDA,
0200FDEF,REFR,02003BDA,
0200FDF0,REFR,02003BDA,
0200FDF1,REFR,02003BDA,
0200FDF2,REFR,02003BDA,
0200FDF3,REFR,0200DDB5,
0200FDF4,REFR,0200DDB5,
0200FDF5,REFR,0200DDB5,
0200FDF6,REFR,0200DDB5,
0200FDF7,REFR,02003BDA,
0200FDF9,REFR,02003BDA,
0200FDFA,REFR,02003BDA,
0200FDFB,REFR,02003BDA,
0200FDFC,REFR,0200DDB5,
0200FDFF,REFR,0200DDB5,
0200FE00,REFR,0200DDB5,
0200FE02,REFR,0200DDB5,
0200FE03,REFR,0200DDB5,
0200FE04,REFR,0200DDB5,
0200FE05,REFR,0200DDB5,
0200FE06,REFR,0200DDB5,
0200FFED,REFR,0200E9E9,
0200FFEE,REFR,0200E9E9,
0200FFEF,REFR,0200588F,
0200FFF0,REFR,0200588F,
0200FFF1,REFR,0200DDB5,
0200FFF2,REFR,02004333,
0200FFF3,REFR,02004334,
0200FFF4,REFR,02004334,
0200FFF5,REFR,02003BDA,
0200FFF6,REFR,02003BDA,
0200FFF7,REFR,02003BDA,
0200FFF8,REFR,02003BDA,
0200FFF9,REFR,02003BDA,
0200FFFA,REFR,02003BDA,
0200FFFB,REFR,02003BDA,
0200FFFD,REFR,0200DDB5,
0200FFFE,REFR,0200DDB5,
0200FFFF,REFR,0200DDB5,
02010000,REFR,0200DDB5,
02010001,REFR,02004333,
02010002,REFR,02003BDA,
02010003,REFR,02003BDA,
02010004,REFR,02003BDA,
02010005,REFR,02003BDA,
02010006,REFR,02003BDA,
02010007,REFR,0200DDB5,
02010008,REFR,0200DDB5,
02010009,REFR,02003BDA,
0201000A,REFR,02003BDA,
0201000B,REFR,02004333,
0201000C,REFR,02004334,
0201000D,REFR,02004334,
0201000E,REFR,02003BDA,
0201000F,REFR,02003BDA,
02010010,REFR,02003BDA,
02010012,REFR,02003BDA,
02010014,REFR,0200DDB5,
02010015,REFR,0200DDB5,
0201001A,REFR,02003BDA,
0201001B,REFR,02003BDA,
0201001C,REFR,02003BDA,
0201001D,REFR,02003BDA,
0201001E,REFR,0200DDB5,
0201001F,REFR,0200DDB5,
02010020,REFR,0200DDB5,
02010021,REFR,02004334,
02010022,REFR,02004334,
02010025,REFR,02003BDA,
02010026,REFR,02003BDA,
02010028,REFR,0200DDB5,
0201003E,REFR,020059CC,
02010040,REFR,020059CC,
02010046,REFR,02003BDA,
02010047,REFR,02003BDA,
02010048,REFR,02003BDA,
02010049,REFR,02003BDA,
0201004A,REFR,02003BDA,
0201004B,REFR,02003BDA,
0201004D,REFR,02003BDA,
0201004E,REFR,02003BDA,
0201004F,REFR,02003BDA,
02010050,REFR,02003BDA,
02010051,REFR,02003BDA,
02010052,REFR,02003BDA,
02010053,REFR,02003BDA,
02010054,REFR,02003BDA,
02010055,REFR,02003BDA,
02010056,REFR,02003BDA,
02010057,REFR,02003BDA,
02010058,REFR,02003BDA,
02010059,REFR,02003BDA,
0201005A,REFR,0200DDB5,
0201005B,REFR,0200DDB5,
0201005C,REFR,0200DDB5,
0201005D,REFR,0200DDB5,
0201005E,REFR,0200DDB5,
0201005F,REFR,0200DDB5,
02010060,REFR,0200DDB5,
02010061,REFR,0200DDB5,
02010062,REFR,02003BDA,
02010063,REFR,02003BDA,
02010064,REFR,02003BDA,
02010065,REFR,02003BDA,
02010066,REFR,02003BDA,
02010067,REFR,02003BDA,
02010068,REFR,02003BDA,
02010069,REFR,02003BDA,
0201006A,REFR,0200DDB5,
0201006B,REFR,0200DDB5,
0201006C,REFR,0200DDB5,
0201006E,REFR,0200DDB5,
0201006F,REFR,02003BDA,
02010070,REFR,02003BDA,
02010071,REFR,02003BDA,
02010072,REFR,02003BDB,
02010073,REFR,02003BDB,
02010074,REFR,02003BDB,
02010075,REFR,02003BDB,
02010076,REFR,02003BDB,
0201008C,REFR,0200DDB5,
0201008D,REFR,0200DDB5,
0201008E,REFR,0200DDB5,
0201008F,REFR,0200DDB5,
02010090,REFR,0200DDB5,
02010091,REFR,02003BDA,
02010092,REFR,02003BDA,
02010093,REFR,0200DDB5,
02010094,REFR,0200DDB5,
02010095,REFR,0200DDB5,
02010096,REFR,0200DDB5,
02010097,REFR,02003BDA,
02010098,REFR,02003BDA,
02010099,REFR,02003BDA,
0201009A,REFR,02003BDA,
0201009B,REFR,02003BDA,
0201009C,REFR,02003BDA,
0201009D,REFR,02003BDA,
0201009E,REFR,02003BDA,
0201009F,REFR,02003BDA,
020100A0,REFR,02003BDA,
020100A1,REFR,02003BDA,
020100A2,REFR,0200DDB5,
020100A3,REFR,0200DDB5,
020100A4,REFR,0200DDB5,
020100A5,REFR,0200DDB5,
020100A6,REFR,0200DDB5,
020100A7,REFR,02004334,
020100A8,REFR,02004334,
020100A9,REFR,02004334,
020100AA,REFR,0200DDB5,
020100C3,REFR,02003BDA,
020100C4,REFR,02003BDA,
020100C5,REFR,02003BDA,
020100C6,REFR,02003BDA,
020100C7,REFR,02012DB9,
020100C8,REFR,02012DB9,
020100CA,REFR,02012DB9,
020100CB,REFR,02012DB9,
020100CC,REFR,0200DDB5,
020100CD,REFR,0200DDB5,
020100CF,REFR,02004333,
020100D0,REFR,02003BDB,
020100D1,REFR,02003BDB,
020100D2,REFR,02003BDB,
020100E1,REFR,02003BDA,
020100E2,REFR,02003BDA,
020100E3,REFR,02003BDA,
020100E4,REFR,02003BDA,
020100E5,REFR,0200DDB5,
020100E6,REFR,0200DDB5,
020100E7,REFR,0200DDB5,
020100E8,REFR,02003BDA,
020100E9,REFR,02003BDA,
020100EA,REFR,0200DDB5,
020100EB,REFR,02004333,
020100EC,REFR,02003BD9,
020100ED,REFR,02003BD9,
020100EE,REFR,02003BD9,
0201016F,REFR,0200D2C0,
02010170,REFR,020059C2,
02010171,REFR,0201A729,
02010172,REFR,02002813,
02010173,REFR,020178B6,
02010174,REFR,020178B7,
02010175,REFR,0200D2C0,
02010176,REFR,020059C2,
02010177,REFR,0201A729,
02010178,REFR,02002813,
02010179,REFR,020178B6,
0201017A,REFR,020178B7,
0201017B,REFR,0200D2C0,
0201017C,REFR,020059C2,
0201017D,REFR,0201A729,
0201017E,REFR,02002813,
0201017F,REFR,020178B6,
02010180,REFR,020178B7,
02010181,REFR,0200D2C0,
02010182,REFR,020059C2,
02010184,REFR,0201A729,
02010197,REFR,02002813,
02010198,REFR,020178B6,
02010199,REFR,020178B7,
020101A9,REFR,0200D2C0,
020101B0,REFR,020059C2,
020101D3,REFR,0201A729,
020101D5,REFR,02002813,
020101DB,REFR,020178B6,
020101E3,REFR,020178B7,
02010225,REFR,0200D2C0,
02010253,REFR,020059C2,
02010254,REFR,0201A729,
02010255,REFR,02002813,
02010256,REFR,020178B6,
02010257,REFR,020178B7,
02010258,REFR,0200D2C0,
02010259,REFR,020059C2,
0201025A,REFR,0201A729,
0201025B,REFR,02002813,
0201025D,REFR,020178B6,
02010262,REFR,020178B7,
0201026E,REFR,0200D2C0,
0201026F,REFR,020059C2,
02010270,REFR,0201A729,
020102B5,REFR,02002813,
020102C5,REFR,020178B6,
020102C6,REFR,020178B7,
020102C8,REFR,0200D2C0,
02010304,REFR,020059C2,
02010305,REFR,0201A729,
02010306,REFR,02002813,
02010309,REFR,020178B6,
0201032D,REFR,020178B7,
0201032E,REFR,0200D2C0,
0201032F,REFR,020059C2,
02010333,REFR,0201A729,
02010334,REFR,02002813,
02010363,REFR,020178B6,
0201036A,REFR,020178B7,
0201036B,REFR,0200D2C0,
0201036C,REFR,020059C2,
0201036D,REFR,0201A729,
0201036E,REFR,02002813,
02010378,REFR,020178B6,
0201037D,REFR,020178B7,
0201037E,REFR,0200D2C0,
0201037F,REFR,020059C2,
02010380,REFR,0201A729,
0201038A,REFR,02002813,
0201038C,REFR,020178B6,
02010394,REFR,020178B7,
020103B1,REFR,0200D2C0,
020103B2,REFR,020059C2,
020103B3,REFR,0201A729,
020103B4,REFR,02002813,
020103B5,REFR,020178B6,
020103B7,REFR,020178B7,
020103B8,REFR,0200D2C0,
020103B9,REFR,020059C2,
020103BA,REFR,0201A729,
020103BB,REFR,02002813,
020103BC,REFR,020178B6,
020103BE,REFR,020178B7,
020103BF,REFR,0200D2C0,
020103C0,REFR,020059C2,
020103C2,REFR,0201A729,
020103F9,REFR,02002813,
020103FA,REFR,020178B6,
020103FB,REFR,020178B7,
020103FC,REFR,0200D2C0,
020103FD,REFR,020059C2,
0201045A,REFR,0201A729,
0201045B,REFR,02002813,
0201045C,REFR,020178B6,
0201045D,REFR,020178B7,
0201045E,REFR,0200D2C0,
0201045F,REFR,020059C2,
02010460,REFR,0201A729,
02010461,REFR,02002813,
02010462,REFR,020178B6,
02010463,REFR,020178B7,
02010464,REFR,0200D2C0,
02010465,REFR,020059C2,
02010466,REFR,0201A729,
02010467,REFR,02002813,
02010468,REFR,020178B6,
02010469,REFR,020178B7,
0201046A,REFR,0200D2C0,
02010471,REFR,020059C2,
02010472,REFR,0201A729,
02010475,REFR,02002813,
02010476,REFR,020178B6,
02010482,REFR,020178B7,
020104CC,REFR,0200D2C0,
020104D1,REFR,020059C2,
020104D2,REFR,0201A729,
020104D3,REFR,02002813,
020104E4,REFR,020178B6,
020104E7,REFR,020178B7,
020104E8,REFR,0200D2C0,
02010507,REFR,020059C2,
02010510,REFR,0201A729,
02010516,REFR,02002813,
02010523,REFR,020178B6,
02010525,REFR,020178B7,
02010526,REFR,0200D2C0,
02010530,REFR,020059C2,
02010532,REFR,0201A729,
02010533,REFR,02002813,
02010534,REFR,020178B6,
02010535,REFR,020178B7,
02010551,REFR,0200D2C0,
02010552,REFR,020059C2,
02010553,REFR,0201A729,
02010556,REFR,02002813,
02010557,REFR,020178B6,
02010558,REFR,020178B7,
02010559,REFR,0200D2C0,
0201055A,REFR,020059C2,
0201055B,REFR,0201A729,
0201055C,REFR,02002813,
0201055D,REFR,020178B6,
0201055E,REFR,020178B7,
0201055F,REFR,0200D2C0,
02010560,REFR,020059C2,
02010561,REFR,0201A729,
02010562,REFR,02002813,
02010563,REFR,020178B6,
02010564,REFR,020178B7,
02010565,REFR,0200D2C0,
02010566,REFR,020059C2,
02010567,REFR,0201A729,
02010568,REFR,02002813,
02010569,REFR,020178B6,
02010594,REFR,020178B7,
02010595,REFR,0200D2C0,
02010596,REFR,020059C2,
02010597,REFR,0201A729,
02010598,REFR,02002813,
02010599,REFR,020178B6,
0201059A,REFR,020178B7,
0201059B,REFR,0200D2C0,
020105B1,REFR,020059C2,
02010685,REFR,0201A729,
02010686,REFR,02002813,
02010687,REFR,020178B6,
02010688,REFR,020178B7,
02010692,REFR,0200D2C0,
020106A2,REFR,020059C2,
020106A3,REFR,0201A729,
020106A4,REFR,02002813,
020106AB,REFR,020178B6,
020106BB,REFR,020178B7,
020106BE,REFR,0200D2C0,
020106BF,REFR,020059C2,
020106C0,REFR,0201A729,
020106C1,REFR,02002813,
020106C2,REFR,020178B6,
020106C3,REFR,020178B7,
020106D6,REFR,0200D2C0,
020106EB,REFR,020059C2,
020106EC,REFR,0201A729,
020106ED,REFR,02002813,
020106EE,REFR,020178B6,
020106EF,REFR,020178B7,
020106FF,REFR,0200D2C0,
02010700,REFR,020059C2,
02010701,REFR,0201A729,
02010702,REFR,02002813,
02010708,REFR,020178B6,
02010709,REFR,020178B7,
02010710,REFR,0200D2C0,
02010711,REFR,020059C2,
02010712,REFR,0201A729,
02010713,REFR,02002813,
02010714,REFR,020178B6,
02010715,REFR,020178B7,
02010716,REFR,0200D2C0,
02010717,REFR,020059C2,
02010718,REFR,0201A729,
02010719,REFR,02002813,
0201071A,REFR,020178B6,
0201071B,REFR,020178B7,
0201071C,REFR,0200D2C0,
0201071D,REFR,020059C2,
0201071E,REFR,0201A729,
0201071F,REFR,02002813,
02010720,REFR,020178B6,
02010721,REFR,020178B7,
02010722,REFR,0200D2C0,
02010723,REFR,020059C2,
02010724,REFR,0201A729,
02010725,REFR,02002813,
02010726,REFR,020178B6,
02010727,REFR,020178B7,
02010728,REFR,0200D2C0,
02010729,REFR,020059C2,
0201072A,REFR,0201A729,
0201072B,REFR,02002813,
0201072C,REFR,020178B6,
0201072D,REFR,020178B7,
02010734,REFR,0200D2C0,
02010735,REFR,020059C2,
02010736,REFR,0201A729,
02010737,REFR,02002813,
02010738,REFR,020178B6,
02010739,REFR,020178B7,
0201073A,REFR,0200D2C0,
0201073B,REFR,020059C2,
0201073C,REFR,0201A729,
0201073D,REFR,02002813,
0201073E,REFR,020178B6,
0201073F,REFR,020178B7,
0201074C,REFR,0200D2C0,
0201074D,REFR,020059C2,
0201074E,REFR,0201A729,
0201074F,REFR,02002813,
02010750,REFR,020178B6,
02010751,REFR,020178B7,
02010AE6,REFR,00020671,
02010AEC,REFR,0001CC4A,
02010AF2,REFR,00000032,
02010AF3,REFR,0200E9E9,
02010AF7,REFR,0200C22E,
02010AF8,REFR,0200C22E,
02010AF9,REFR,0200C22E,
02010AFA,REFR,0200C22E,
02010AFB,REFR,0200C22E,
02010AFD,REFR,0200C22E,
02010AFE,REFR,0200C22E,
02010AFF,REFR,0200C22E,
02010B00,REFR,0200C22E,
02010B01,REFR,0200C22E,
02010B02,REFR,0200C22E,
02010B03,REFR,0200C22E,
02010B04,REFR,0200C22E,
02010B05,REFR,0200C22E,
02010B06,REFR,0200C22E,
02010B07,REFR,0200C22E,
02010B08,REFR,0200C22E,
02010B09,REFR,0200C22E,
02010B0A,REFR,0200C22E,
02010B0C,REFR,0200C22E,
02010B0D,REFR,0200C22E,
02010B0E,REFR,0200C22E,
02010B0F,REFR,0200C22E,
02010B10,REFR,0200C22E,
02010B11,REFR,0200C22E,
02010B12,REFR,0200C22E,
02010B13,REFR,0200C22E,
02010B14,REFR,0200C22E,
02010B15,REFR,0200C22E,
02010B16,REFR,0200C22E,
02010B17,REFR,0200C22E,
02010B18,REFR,0200C22E,
02010B19,REFR,0200C22E,
02010B1A,REFR,0200C22E,
02010B1B,REFR,0200C22E,
02010B1C,REFR,0200C22E,
02010B1D,REFR,0200C22E,
02010B1E,REFR,0200C231,
02010B1F,REFR,0200C231,
02010B20,REFR,0200C22F,
02010B21,REFR,0200C22F,
02010B22,REFR,0200C235,
02010B23,REFR,0200C235,
02010B24,REFR,0200C235,
02010B25,REFR,0200C235,
02010B27,REFR,0200C235,
02010B28,REFR,0200C235,
02010B29,REFR,0200C235,
02010B2A,REFR,0200C235,
02010B2B,REFR,0200C235,
02010B2C,REFR,0200C235,
02010B2D,REFR,0200C235,
02010B2E,REFR,0200C235,
02010B2F,REFR,0200C235,
02010B30,REFR,0200C235,
02010B31,REFR,0200C235,
02010B32,REFR,0200C235,
02010B33,REFR,0200C235,
02010B34,REFR,0200C235,
02010B36,REFR,0200C235,
02010B37,REFR,0200C235,
02010B38,REFR,0200C235,
02010B39,REFR,0200C235,
02010B3A,REFR,0200C235,
02010B3B,REFR,0200C235,
02010B3C,REFR,0200C235,
02010B3D,REFR,0200C235,
02010B3E,REFR,0200C235,
02010B3F,REFR,0200C235,
02010B41,REFR,0200C22D,
02010B42,REFR,0200C22D,
02010B44,REFR,0200E3F0,
02010B45,REFR,0200E3F0,
02010B46,REFR,0200E3F0,
02010B47,REFR,0200E3F0,
02010B48,REFR,0200E3F0,
02010B49,REFR,0200E3F0,
02010B4A,REFR,0200E3F0,
02010B4B,REFR,02010B4C,
02010B4D,REFR,0200588E,
02010B4E,REFR,0200588F,
02010B4F,REFR,02005890,
02010B50,REFR,02005890,
02010B55,REFR,02003BDA,
02010B56,REFR,02005837,
02010B57,REFR,020059C2,
02010B58,REFR,020059C2,
02010B59,REFR,02008940,
02010B5A,REFR,00016440,
02010B5B,REFR,0200A2CF,
02010B5C,REFR,02003BDA,
02010B5D,REFR,02005837,
02010B5E,REFR,020059C2,
02010B5F,REFR,020059C2,
02010B60,REFR,02008940,
02010B61,REFR,00016440,
02010B62,REFR,0200A2CF,
02010B63,REFR,02003BDA,
02010B64,REFR,02005837,
02010B65,REFR,020059C2,
02010B66,REFR,020059C2,
02010B67,REFR,02008940,
02010B68,REFR,00016440,
02010B69,REFR,0200A2CF,
02010B6A,REFR,02003BDA,
02010B6B,REFR,02005837,
02010B6C,REFR,020059C2,
02010B6D,REFR,020059C2,
02010B6E,REFR,02008940,
02010B6F,REFR,00016440,
02010B70,REFR,0200A2CF,
02010B71,REFR,020059C2,
02010B72,REFR,02008940,
02010B73,REFR,02005837,
02010B74,REFR,00016440,
02010B75,REFR,0200A2CF,
02010B76,REFR,020059C2,
02010B77,REFR,02003BDA,
02010B78,REFR,020059C2,
02010B79,REFR,02008940,
02010B7A,REFR,02005837,
02010B7B,REFR,00016440,
02010B7C,REFR,0200A2CF,
02010B7D,REFR,020059C2,
02010B7E,REFR,02003BDA,
02010B7F,REFR,020059C2,
02010B80,REFR,02008940,
02010B81,REFR,02005837,
02010B82,REFR,00016440,
02010B83,REFR,0200A2CF,
02010B84,REFR,020059C2,
02010B85,REFR,02003BDA,
02010B86,REFR,020059C2,
02010B87,REFR,02008940,
02010B88,REFR,02011A8A,
02010B89,REFR,00016440,
02010B8A,REFR,0200A2CF,
02010B8B,REFR,020059C2,
02010B8C,REFR,02003BDA,
02010B8D,REFR,02005890,
02010B8E,REFR,02005890,
02010B8F,REFR,02005890,
02010B90,REFR,020041F7,
02010B91,REFR,020041F8,
02010B92,REFR,020041F9,
02010B93,REFR,020041F9,
02010B94,REFR,020041F9,
02010B95,REFR,020041F9,
02010B96,REFR,020041F9,
02010B97,REFR,020041F9,
02010B98,REFR,020041F9,
02010B99,REFR,0200E3E7,
02010B9A,REFR,020041FA,
02010B9E,REFR,0200C235,
02010B9F,REFR,0200E3E8,
02010BA0,REFR,0200E3E4,
02010BA1,REFR,0200E3E4,
02010BA2,REFR,0200E3E4,
02010BA3,REFR,02003BDA,
02010BA5,REFR,02010BA4,
02010BA6,REFR,02010BA4,
02010BA7,REFR,02010BA4,
02010BA8,REFR,02010BAD,
02010BA9,REFR,02010BAD,
02010BAA,REFR,02010BAD,
02010BAB,REFR,02010BAE,
02010BAC,REFR,02010BAE,
02010BAF,REFR,020059C2,
02010BB2,REFR,02010BA4,
02010BB3,REFR,02010BAE,
02010BB4,REFR,02010BAD,
02010BB5,REFR,02010BAD,
02010BB6,REFR,02010BAD,
02010BB7,REFR,02010BA4,
02010BB8,REFR,02010BA4,
02010BB9,REFR,02010BAE,
02010BBA,REFR,020059C2,
02010BBD,REFR,0200E3EF,
02010BBE,REFR,0200E3EF,
02010BBF,REFR,0200E3EF,
02010BC0,REFR,0200E3EF,
02010BC1,REFR,02010BA4,
02010BC2,REFR,02010BAE,
02010BC3,REFR,02010BAD,
02010BC4,REFR,02010BAD,
02010BC5,REFR,02010BAD,
02010BC6,REFR,02010BA4,
02010BC7,REFR,02010BA4,
02010BC8,REFR,02010BAE,
02010BC9,REFR,020059C2,
02010BCA,REFR,0001643B,
02010BCB,REFR,0001643B,
02010BCC,REFR,02010BA4,
02010BCD,REFR,02010BAE,
02010BCE,REFR,02010BAD,
02010BCF,REFR,02010BAD,
02010BD0,REFR,02010BAD,
02010BD1,REFR,02010BA4,
02010BD2,REFR,02010BA4,
02010BD3,REFR,02010BAE,
02010BD4,REFR,020059C2,
02010BD5,REFR,0001643B,
02010BD6,REFR,0001643B,
02010BD7,REFR,02010BA4,
02010BD8,REFR,02010BAE,
02010BD9,REFR,02010BAD,
02010BDA,REFR,02010BAD,
02010BDB,REFR,02010BAD,
02010BDC,REFR,02010BA4,
02010BDD,REFR,02010BA4,
02010BDE,REFR,02010BAE,
02010BDF,REFR,020059C2,
02010BE0,REFR,0001643B,
02010BE1,REFR,0001643B,
02010BE2,REFR,02010BA4,
02010BE3,REFR,02010BAE,
02010BE4,REFR,02010BAD,
02010BE5,REFR,02010BAD,
02010BE6,REFR,02010BAD,
02010BE7,REFR,02010BA4,
02010BE8,REFR,02010BA4,
02010BE9,REFR,02010BAE,
02010BEA,REFR,020059C2,
02010BEB,REFR,0001643B,
02010BEC,REFR,0001643B,
02010D16,REFR,0200CA84,
02010D17,REFR,0200CA84,
02010D19,REFR,02003BDA,
02010D1A,REFR,02003BDA,
02010D1B,REFR,02003BDA,
02010D1C,REFR,02003BDA,
02010D1D,REFR,02003BDA,
02010D1E,REFR,02003BDA,
02010D1F,REFR,02003BDA,
02010D21,REFR,02003BDA,
02010D22,REFR,02003BDA,
02010D23,REFR,02003BDA,
02010D24,REFR,02003BDA,
02010D25,REFR,02004332,
02010D26,REFR,02004332,
02010D27,REFR,02003BDA,
02010D28,REFR,02003BDA,
02010D29,REFR,02003BDA,
02010D2A,REFR,02003BDA,
02010D2B,REFR,02003BDB,
02010D2C,REFR,02003BDB,
02010D2D,REFR,0200DDB5,
02010D2E,REFR,0200DDB5,
02010D2F,REFR,02003BDA,
02010D30,REFR,02003BDA,
02010D31,REFR,02003BDA,
02010D32,REFR,02003BDA,
02010D33,REFR,0200DDB5,
02010D34,REFR,02003BDA,
02010D35,REFR,02003BDA,
02010D36,REFR,02003BDA,
02010D37,REFR,02003BDA,
02010D38,REFR,02003BDA,
02010D39,REFR,0200DDB5,
02010D3A,REFR,0200DDB5,
02010D3B,REFR,02003BDA,
02010D3C,REFR,02003BDA,
02010D3D,REFR,02003BDA,
02010D3E,REFR,02003BDA,
02010D3F,REFR,02003BDA,
02010D40,REFR,02003BDA,
02010D41,REFR,02003BDA,
02010D42,REFR,02003BDA,
02010D43,REFR,0200DDB5,
02010D44,REFR,02003BDA,
02010D45,REFR,02003BDA,
02010D46,REFR,02003BDA,
02010D47,REFR,02003BDA,
02010D48,REFR,02003BDA,
02010D49,REFR,02003BDA,
02010D4A,REFR,02003BDA,
02010D4B,REFR,02003BDA,
02010D4C,REFR,0200DDB5,
02010D4D,REFR,0200DDB5,
02010D4E,REFR,0200E9E9,
02010D4F,REFR,0200E9E8,
02010D50,REFR,0200DDB5,
02010D51,REFR,02003BDA,
02010D52,REFR,02003BDA,
02010D53,REFR,02003BDA,
02010D54,REFR,02003BDA,
02010D55,REFR,02003BDA,
02010D56,REFR,0200DDB5,
02010D57,REFR,0200DDB5,
02010D58,REFR,02003BDA,
02010D59,REFR,02003BDA,
02010D5A,REFR,02003BDA,
02010D5B,REFR,02003BDA,
02010FA2,REFR,02010FA1,
02010FA3,REFR,02010FA1,
02010FA4,REFR,02010FA1,
02010FA5,REFR,02010FA1,
02010FA6,REFR,02010FA1,
02010FA7,REFR,02010FA1,
02010FA8,REFR,02010FA1,
02010FA9,REFR,02010FA1,
02010FAA,REFR,02010FA1,
02010FAB,REFR,02010FA1,
02010FAC,REFR,02010FA1,
02010FAD,REFR,02010FA1,
02010FAE,REFR,02010FA1,
02010FAF,REFR,02010FA1,
02010FB0,REFR,02010FA1,
02010FB1,REFR,02010FA1,
02010FB2,REFR,02010FA1,
02010FB3,REFR,02010FA1,
02010FB4,REFR,02010FA1,
02010FB5,REFR,02010FA1,
02010FB6,REFR,02010FA1,
02010FB7,REFR,02010FA1,
02010FB8,REFR,02010FA1,
02010FB9,REFR,0200A2CF,
02010FBA,REFR,02010FA1,
02010FBB,REFR,02010FA1,
02010FBC,REFR,02010FA1,
02010FBD,REFR,02010FA1,
02010FBE,REFR,02010FA1,
02010FBF,REFR,02018B6A,
02010FC0,REFR,02018B69,
02010FC1,REFR,02018B6B,
020111B0,REFR,0200E9E8,
020111B1,REFR,0200E9E8,
020111B3,REFR,0200DDB5,
020111B4,REFR,0200DDB5,
020111B5,REFR,02004334,
020111B6,REFR,02004334,
020111B7,REFR,02012DB9,
020111B8,REFR,02012DB9,
020111B9,REFR,02003BDA,
020111BA,REFR,02003BDA,
020111BB,REFR,02003BDA,
020111BC,REFR,02003BDA,
020111BD,REFR,02003BDA,
020111BE,REFR,02003BDA,
020111BF,REFR,0200DDB5,
020111C0,REFR,0200DDB5,
020111C1,REFR,0200DDB5,
020111C2,REFR,02004333,
020111C3,REFR,02003BDA,
020111C4,REFR,02003BDA,
020111C7,REFR,02003BDA,
020111C8,REFR,02003BDA,
020111C9,REFR,0200DDB5,
020111CB,REFR,0200DDB5,
020111CC,REFR,0200DDB5,
020111CD,REFR,02003BDA,
020111CE,REFR,02003BDA,
020111CF,REFR,02003BDA,
020111D1,REFR,0200DDB5,
020111D2,REFR,02004333,
020111D3,REFR,02003BDA,
020111D4,REFR,02003BDA,
020111D5,REFR,02003BDA,
020111D7,REFR,02003BDA,
020111D8,REFR,02003BDA,
020111D9,REFR,02003BDA,
020111DA,REFR,02003BDB,
020111DB,REFR,0200DDB5,
020111DC,REFR,0200DDB5,
020111DD,REFR,0200DDB5,
020111DE,REFR,0200DDB5,
020111DF,REFR,0200DDB5,
020111E0,REFR,0200DDB5,
020111E1,REFR,02003BDA,
020111E2,REFR,02003BDA,
020111E3,REFR,02003BDA,
020111E4,REFR,02003BDA,
020111E5,REFR,02003BDA,
020111E6,REFR,02005899,
020111E7,REFR,0200E9E9,
020111E8,REFR,0200DDB5,
020111E9,REFR,0200DDB5,
020111EA,REFR,0200DDB5,
020111EB,REFR,0200DDB5,
020111EC,REFR,02004332,
020111ED,REFR,02004332,
020111EE,REFR,0200DDB5,
020111EF,REFR,02003BDA,
020111F0,REFR,02003BDA,
020111F1,REFR,02004333,
020111F2,REFR,0200DDB5,
020111F3,REFR,0200DDB5,
020111F4,REFR,0200DDB5,
020111F5,REFR,02003BDA,
020111F6,REFR,02003BDA,
020111F7,REFR,02003BDA,
020111F8,REFR,02003BDA,
020111F9,REFR,02003BD9,
020111FA,REFR,02003BD9,
020111FB,REFR,02003BD9,
020111FC,REFR,02003BD9,
02011219,REFR,02003BDA,
0201121B,REFR,02003BDA,
0201121C,REFR,02003BDA,
0201121D,REFR,02003BDA,
0201121E,REFR,02003BDA,
0201121F,REFR,02003BDA,
02011220,REFR,02003BDA,
02011222,REFR,02003BDA,
02011223,REFR,0200DDB5,
02011224,REFR,0200DDB5,
02011225,REFR,02004333,
02011227,REFR,02003BDA,
02011228,REFR,02003BDA,
02011229,REFR,0200DDB5,
0201122A,REFR,0200E9E9,
0201122B,REFR,0200589C,
0201122C,REFR,0200E9E9,
0201122D,REFR,0200589F,
0201122E,REFR,0200589F,
0201122F,REFR,0200588F,
02011230,REFR,0200588F,
02011231,REFR,0200E9E8,
02011232,REFR,02005890,
02011233,REFR,0200588E,
02011234,REFR,020058A1,
02011235,REFR,0200588F,
02011236,REFR,02005837,
02011237,REFR,02008940,
02011238,REFR,02005892,
02011239,REFR,02005890,
0201123A,REFR,0200588E,
0201123B,REFR,0200DDB5,
0201123C,REFR,0200DDB5,
0201123D,REFR,0200DDB5,
0201123E,REFR,0200DDB5,
0201123F,REFR,0200DDB5,
02011240,REFR,0200DDB5,
02011241,REFR,02004333,
02011242,REFR,02004334,
02011243,REFR,02004334,
02011244,REFR,02003BDA,
02011246,REFR,02003BDA,
02011247,REFR,02003BDA,
02011248,REFR,02003BDA,
02011249,REFR,02003BDA,
0201124A,REFR,02003BDA,
0201124B,REFR,02003BDA,
0201124C,REFR,02003BDA,
0201124D,REFR,02003BDA,
0201124E,REFR,02003BDA,
0201124F,REFR,02003BDA,
02011250,REFR,02003BDA,
02011251,REFR,02003BDA,
02011252,REFR,02003BDA,
02011253,REFR,02003BDA,
02011254,REFR,02003BDA,
02011255,REFR,02003BDA,
0201126E,REFR,02003BDA,
0201126F,REFR,02003BDA,
02011270,REFR,02003BDA,
02011271,REFR,02003BDA,
02011272,REFR,02003BDA,
02011273,REFR,0200DDB5,
02011388,REFR,0200E3EB,
02011389,REFR,0200E3EB,
0201138A,REFR,0200E3EC,
0201138B,REFR,0200E3EA,
0201138C,REFR,0200E3E4,
0201138D,REFR,0200E3EB,
0201138E,REFR,0200E3E4,
0201138F,REFR,0200E3EB,
02011390,REFR,0200E3EC,
02011391,REFR,0200E3E3,
02011392,REFR,0200E3E4,
02011393,REFR,0200E3EA,
02011394,REFR,0200E3E4,
02011395,REFR,0200589D,
02011396,REFR,0200DDB5,
02011397,REFR,0200E3E9,
02011398,REFR,0200E3E8,
02011399,REFR,0200E3E7,
0201139A,REFR,02003BD9,
0201139B,REFR,02005894,
0201139E,REFR,02003BDA,
020113A0,REFR,02003BDA,
020113A6,REFR,00000032,
020113A7,REFR,000A6A20,
020113A8,REFR,000638B7,
020113A9,REFR,000638B7,
020113AA,REFR,000D8E7F,
020113AB,REFR,00000032,
020113AC,REFR,000638B7,
020113AD,REFR,000638B7,
020113AE,REFR,000D8E7F,
020113AF,REFR,000D790C,
020113B0,REFR,00063B42,
020113B1,REFR,000166FE,
020113B2,REFR,0005ACDF,
020113B6,REFR,00000032,
020113ED,REFR,0200E3E4,
020113F1,REFR,0200E3E3,
020113F2,REFR,0200E3E4,
020113F6,REFR,0200E3EC,
020113F7,REFR,02009342,
020113F8,REFR,020059B3,
020113F9,REFR,020059B4,
020113FA,REFR,02005896,
020113FB,REFR,02006AA3,
020113FC,REFR,0200DDB5,
020113FD,REFR,0200DDB5,
020113FE,REFR,0200DDB5,
020113FF,REFR,02003BDA,
02011400,REFR,02003BDA,
02011401,REFR,02003BDA,
0201140E,REFR,020041F2,
0201140F,REFR,020041F8,
02011410,REFR,020041FA,
02011411,REFR,0200E3E6,
02011412,REFR,02003BDA,
02011413,REFR,02003BDA,
02011414,REFR,02003BDA,
02011415,REFR,0200DDB5,
0201141C,REFR,020059CB,
0201141D,REFR,0200280E,
0201141E,REFR,020059CC,
0201142D,REFR,0200DDB5,
0201142E,REFR,0200DDB5,
0201142F,REFR,02004334,
02011430,REFR,02004332,
02011431,REFR,02004332,
02011432,REFR,02003BDA,
02011433,REFR,02003BDA,
02011434,REFR,02003BDA,
02011435,REFR,02003BDA,
02011436,REFR,02003BDA,
02011437,REFR,02003BDA,
02011438,REFR,0200DDB5,
02011439,REFR,0200DDB5,
0201143A,REFR,0200DDB5,
0201144F,REFR,0200280C,
02011450,REFR,0200280C,
0201145B,REFR,0200E3EB,
0201145C,REFR,0200E3EC,
0201145D,REFR,0200E3E3,
0201145E,REFR,02003BDA,
0201145F,REFR,02003BDA,
02011460,REFR,02003BDA,
02011461,REFR,02003BDA,
02011462,REFR,02003BDA,
02011463,REFR,02003BDA,
02011464,REFR,02003BDA,
02011465,REFR,02003BDA,
02011466,REFR,02003BDA,
02011467,REFR,02003BDA,
02011468,REFR,02003BDA,
02011469,REFR,0200DDB5,
0201146A,REFR,02003BDA,
0201146B,REFR,02008940,
0201146C,REFR,02005837,
0201157F,REFR,0200C22F,
02011580,REFR,000AA934,
02011804,REFR,02005890,
02011805,REFR,00025DA8,
02011806,REFR,02005890,
02011807,REFR,02011808,
0201180A,REFR,02011813,
0201180B,REFR,000AF8E0,
0201180C,REFR,0201181C,
0201180E,REFR,02011810,
0201180F,REFR,02011811,
02011814,REFR,02011808,
02011815,REFR,0200588F,
02011816,REFR,0200588F,
02011817,REFR,02011808,
02011818,REFR,02005899,
02011819,REFR,02011810,
0201181A,REFR,0201181C,
0201181B,REFR,02011C41,
0201181D,REFR,02005899,
0201181E,REFR,02005899,
0201181F,REFR,00016440,
02011820,REFR,02011808,
02011821,REFR,02011823,
02011822,REFR,0200589D,
02011825,REFR,0201182D,
02011828,REFR,0200E3E4,
0201182A,REFR,0200E3E3,
0201182B,REFR,0200E3EB,
0201182E,REFR,0007776E,
02011830,REFR,02005899,
02011831,REFR,0200DDB5,
02011832,REFR,0200588F,
02011833,REFR,0201182D,
02011834,REFR,0200DDB5,
02011835,REFR,020059C9,
02011836,REFR,02011811,
02011839,REFR,0201181C,
0201183A,REFR,0200E9E8,
0201183B,REFR,0201181C,
0201183C,REFR,02011810,
0201183E,REFR,02012DBA,
0201183F,REFR,02012DBA,
02011840,REFR,02012DB9,
02011842,REFR,00073CE6,
02011843,REFR,02003BDA,
02011844,REFR,02003BDB,
02011845,REFR,02003BDA,
02011846,REFR,02011810,
02011847,REFR,020059B3,
02011848,REFR,020059B2,
0201184A,REFR,020059B2,
0201184B,REFR,020059B3,
0201184F,REFR,0006F273,
02011850,REFR,02011851,
02011853,REFR,02003BDB,
02011854,REFR,02011811,
02011855,REFR,0200E3E7,
02011856,REFR,02011858,
02011857,REFR,0200E3E9,
02011859,REFR,02004332,
0201185A,REFR,020059B3,
0201185B,REFR,020059B4,
0201185C,REFR,020059B3,
0201185D,REFR,0200DDB5,
0201185E,REFR,02003BDA,
0201185F,REFR,02003BDA,
02011860,REFR,02003BDA,
02011862,REFR,02003BDA,
02011863,REFR,0200E9E9,
02011864,REFR,02006AA3,
02011865,REFR,02003BDA,
02011866,REFR,02003BDA,
02011867,REFR,02003BDA,
02011868,REFR,02003BDA,
02011869,REFR,02003BDA,
0201186A,REFR,02003BDA,
0201186B,REFR,02003BDA,
0201186C,REFR,02003BDA,
0201186D,REFR,02003BDA,
0201186E,REFR,0200DDB5,
0201186F,REFR,0200DDB5,
02011870,REFR,02003BDA,
02011871,REFR,02003BDA,
02011872,REFR,02003BDA,
0201187B,REFR,02002814,
0201187C,REFR,020059CA,
0201187D,REFR,020059CB,
0201187F,REFR,020059CB,
02011880,REFR,0200280D,
02011881,REFR,0200280E,
02011882,REFR,02002814,
02011883,REFR,0200280D,
02011884,REFR,020059C9,
02011886,REFR,020059C9,
02011887,REFR,0200280E,
02011888,REFR,0200DDB5,
02011889,REFR,02004332,
0201188A,REFR,02004332,
0201188B,REFR,02004334,
0201188C,REFR,02004334,
0201188D,REFR,02003BDB,
0201188E,REFR,02003BDB,
0201188F,REFR,02003BDA,
02011890,REFR,02003BDB,
02011891,REFR,0200DDB5,
02011892,REFR,02004333,
02011893,REFR,02004333,
02011894,REFR,02003BD9,
02011895,REFR,02003BD9,
02011896,REFR,02003BD9,
02011897,REFR,02003BD9,
02011898,REFR,02003BDA,
02011899,REFR,02003BDA,
0201189A,REFR,02003BDA,
0201189B,REFR,02003BDA,
0201189C,REFR,0200DDB5,
0201189D,REFR,0200DDB5,
0201189E,REFR,0200DDB5,
0201189F,REFR,02003BDA,
020118A0,REFR,02003BDA,
020118A1,REFR,02003BDA,
020118A2,REFR,02003BDA,
020118A3,REFR,02003BDA,
020118B3,REFR,0200DDB5,
020118B4,REFR,0200DDB5,
020118B5,REFR,0200DDB5,
020118B6,REFR,00073CE5,
020118B7,REFR,0200588E,
020118B8,REFR,0200E9E9,
020118B9,REFR,0200E9E9,
020118BA,REFR,02003BDA,
020118BB,REFR,02003BDA,
020118BC,REFR,02003BDA,
020118BD,REFR,02003BDA,
020118BE,REFR,02003BDA,
020118BF,REFR,02003BDA,
020118C0,REFR,02003BDA,
020118C1,REFR,0200DDB5,
020118C2,REFR,0200DDB5,
020118C3,REFR,0200DDB5,
020118C4,REFR,02003BDA,
020118C5,REFR,02003BDA,
020118C6,REFR,02012DB9,
020118C7,REFR,02012DB9,
020118C8,REFR,02003BDA,
020118C9,REFR,02006AA6,
020118CA,REFR,02006AA3,
020118CF,REFR,0200280E,
020118D3,REFR,02003BDB,
020118D6,REFR,0200588E,
020118D7,REFR,0200588E,
020118D8,REFR,02003BDA,
020118D9,REFR,02003BDA,
020118DA,REFR,02003BDA,
020118DB,REFR,0200DDB5,
020118DC,REFR,02004333,
020118DD,REFR,02004333,
020118DE,REFR,02003BDA,
020118DF,REFR,02004334,
020118E0,REFR,02004334,
020118E1,REFR,0200DDB5,
020118E7,REFR,0200DDB5,
020118E8,REFR,0200DDB5,
020118E9,REFR,0200DDB5,
020118EA,REFR,02003BDA,
020118EB,REFR,02003BDA,
020118EC,REFR,02003BDA,
020118ED,REFR,02003BDA,
020118EE,REFR,02003BDA,
020118EF,REFR,02003BDA,
020118F0,REFR,02003BDA,
02011969,ACHR,020071AA,Medium
0201196A,ACHR,020071AA,Medium
0201196B,ACHR,020071AF,Easy
0201196D,ACHR,020071AA,
02011971,ACHR,020071AD,
02011974,ACHR,0200BF5C,Easy
02011975,ACHR,02004575,Medium
02011976,ACHR,02004575,Medium
02011978,ACHR,020071AA,Easy
02011979,ACHR,020071AA,Medium
02011983,ACHR,020071AA,Medium
02011984,ACHR,020071AA,
02011987,ACHR,020071AA,Medium
02011989,ACHR,020150AE,
0201198A,ACHR,020071AA,
020119A7,REFR,0200588E,
020119A8,REFR,0200589F,
020119B1,REFR,0200DDB5,
020119BA,REFR,020059CB,
020119BB,REFR,0200280D,
020119BC,REFR,0200280E,
020119BD,REFR,02002814,
020119BE,REFR,0200280E,
020119BF,REFR,020059CC,
020119C6,REFR,02003BDA,
020119C7,REFR,02003BDA,
020119C8,REFR,02003BDA,
020119C9,REFR,02003BDA,
020119CA,REFR,0200DDB5,
020119CB,REFR,0200DDB5,
020119CC,REFR,02003BDA,
020119CD,REFR,02003BDA,
020119CE,REFR,02003BDA,
020119CF,REFR,02003BDA,
020119D0,REFR,0200DDB5,
020119D1,REFR,0200DDB5,
020119D2,REFR,02004333,
020119D3,REFR,02004333,
020119D4,REFR,0200DDB5,
020119D5,REFR,02004333,
020119D6,REFR,02004332,
020119D7,REFR,02004332,
020119E0,REFR,0200DDB5,
020119E1,REFR,02005890,
020119E2,REFR,0200E9E9,
020119E3,REFR,0200E9E8,
020119E4,REFR,0200E9E8,
020119E5,REFR,0200E9E9,
020119E6,REFR,0200E9E9,
020119E7,REFR,0200E9E9,
020119E8,REFR,0200E9E9,
020119E9,REFR,0200E9E8,
020119EB,REFR,0200CA84,
020119EC,REFR,0200E9E9,
020119EE,REFR,0200CA84,
020119F1,REFR,0200E9E8,
020119F2,REFR,0200E9E9,
020119F3,REFR,0200E9E8,
020119F4,REFR,0200E9E8,
02011A96,REFR,0200DDB5,
02011A97,REFR,0200DDB5,
02011A98,REFR,02004333,
02011A99,REFR,02004334,
02011AA4,REFR,020059C2,
02011AA5,REFR,0200A2CF,
02011AA6,REFR,00016440,
02011AA7,REFR,02011A8A,
02011AA8,REFR,02008940,
02011AA9,REFR,020059C2,
02011AAA,REFR,02004334,
02011AAB,REFR,02003BDA,
02011AAC,REFR,020059C2,
02011AAD,REFR,0200A2CF,
02011AAE,REFR,00016440,
02011AAF,REFR,02011A8A,
02011AB0,REFR,02008940,
02011AB1,REFR,020059C2,
02011AB2,REFR,02004334,
02011AB3,REFR,02003BDA,
02011AB4,REFR,02004333,
02011AB5,REFR,02003BDA,
02011AB7,REFR,0200A2CF,
02011AB8,REFR,00016440,
02011AB9,REFR,02011A8A,
02011ABA,REFR,02008940,
02011ABC,REFR,02003BDA,
02011ABD,REFR,02003BDA,
02011ABE,REFR,02003BDA,
02011ABF,REFR,02003BDB,
02011AC0,REFR,02003BD9,
02011AC1,REFR,02004334,
02011AC2,REFR,02004334,
02011AC3,REFR,02004334,
02011AC4,REFR,02003BDA,
02011AC5,REFR,02003BDA,
02011AC6,REFR,02004332,
02011AC7,REFR,02004334,
02011AC8,REFR,02004334,
02011AC9,REFR,02004334,
02011ACA,REFR,02003BDB,
02011ACB,REFR,02004333,
02011ACC,REFR,02004334,
02011ACD,REFR,02004334,
02011ACE,REFR,0200DDB5,
02011ACF,REFR,02003BDA,
02011AD0,REFR,02003BDA,
02011AD1,REFR,02003BDA,
02011AD2,REFR,02003BDA,
02011AD3,REFR,02003BDA,
02011AD6,REFR,02008940,
02011AD7,REFR,00016440,
02011AD8,REFR,0200A2CF,
02011AD9,REFR,02011A8A,
02011ADA,REFR,02004334,
02011ADB,REFR,0200DDB5,
02011ADC,REFR,0200DDB5,
02011ADD,REFR,02004334,
02011ADE,REFR,02004334,
02011ADF,REFR,02003BDA,
02011AE0,REFR,02003BDA,
02011AE1,REFR,02003BDA,
02011AE2,REFR,02003BDA,
02011AE3,REFR,02003BDA,
02011AE4,REFR,02003BDA,
02011AE5,REFR,02003BDB,
02011AE6,REFR,02003BDB,
02011AE7,REFR,02003BDA,
02011AE8,REFR,02003BDA,
02011AE9,REFR,020059CB,
02011AEA,REFR,020059CB,
02011AEB,REFR,0200280D,
02011AEC,REFR,0200280D,
02011AED,REFR,0200280C,
02011AF3,REFR,0200280D,
02011AF4,REFR,020059CA,
02011AF5,REFR,02002814,
02011AF6,REFR,02002814,
02011AF7,REFR,020059CB,
02011AF8,REFR,020059CC,
02011AF9,REFR,020059CA,
02011AFA,REFR,0200280C,
02011AFB,REFR,02002814,
02011AFC,REFR,0200280E,
02011AFD,REFR,0200280C,
02011AFE,REFR,0200280C,
02011AFF,REFR,0200280D,
02011B00,REFR,0200280D,
02011B01,REFR,020059CC,
02011B02,REFR,020059CC,
02011B03,REFR,02003BDA,
02011B04,REFR,02003BDA,
02011B05,REFR,02003BDA,
02011B06,REFR,02003BDA,
02011B07,REFR,02003BDA,
02011B08,REFR,02003BDA,
02011B09,REFR,02003BDA,
02011B0A,REFR,02003BDA,
02011B0B,REFR,02003BDA,
02011B0C,REFR,02003BDA,
02011B0D,REFR,02003BDA,
02011B0E,REFR,0200588E,
02011B0F,REFR,0200588E,
02011B10,REFR,0200588E,
02011B11,REFR,0200DDB5,
02011B12,REFR,0200DDB5,
02011B13,REFR,0200DDB5,
02011B14,REFR,0200DDB5,
02011B2B,REFR,02004333,
02011B2C,REFR,02004334,
02011B2D,REFR,02004332,
02011B2E,REFR,0200DDB5,
02011B2F,REFR,020059C9,
02011B30,REFR,020059CC,
02011B31,REFR,0200280C,
02011B32,REFR,0200280E,
02011B3A,REFR,020059CB,
02011B3B,REFR,02003BDA,
02011B3C,REFR,02003BDA,
02011B3D,REFR,0200E3E4,
02011B3F,REFR,0200E3EB,
02011B40,REFR,0200E3EB,
02011B41,REFR,020059C9,
02011B42,REFR,020059CC,
02011B43,REFR,02002814,
02011B44,REFR,020059CB,
02011B45,REFR,020059CB,
02011B46,REFR,020059CC,
02011B4A,REFR,02003BDA,
02011B4B,REFR,02003BDA,
02011B4C,REFR,02003BDA,
02011B4D,REFR,02003BDA,
02011B4E,REFR,02003BDA,
02011B4F,REFR,02003BDA,
02011B50,REFR,02003BDA,
02011B51,REFR,02003BDA,
02011B52,REFR,02003BDA,
02011B53,REFR,0200DDB5,
02011B54,REFR,0200DDB5,
02011B55,REFR,0200DDB5,
02011B56,REFR,0200DDB5,
02011B57,REFR,0200DDB5,
02011B58,REFR,02003BDA,
02011B59,REFR,02003BDA,
02011B5A,REFR,02003BDA,
02011B5B,REFR,02003BDA,
02011B5C,REFR,02003BDA,
02011B6C,REFR,02003BDA,
02011B6D,REFR,02003BDA,
02011B6E,REFR,02003BDA,
02011B6F,REFR,02003BDA,
02011B70,REFR,02003BDA,
02011B71,REFR,02003BDA,
02011B72,REFR,02003BDA,
02011B73,REFR,02003BDA,
02011B74,REFR,02003BDA,
02011B75,REFR,02003BDA,
02011B76,REFR,02003BDA,
02011B77,REFR,02003BDA,
02011B78,REFR,02003BDA,
02011B7E,REFR,0200DDB5,
02011B7F,REFR,0200DDB5,
02011B80,REFR,02003BDB,
02011B81,REFR,02003BDB,
02011B82,REFR,02003BDB,
02011B83,REFR,0200588E,
02011B84,REFR,02005890,
02011B85,REFR,0200E9E9,
02011B86,REFR,0200E9E9,
02011B87,REFR,02003BDA,
02011B88,REFR,02003BDA,
02011B89,REFR,02003BDA,
02011B8A,REFR,0200DDB5,
02011B8B,REFR,0200DDB5,
02011B8C,REFR,0200DDB5,
02011B8D,REFR,0200DDB5,
02011BDC,REFR,00000032,
02011BDD,REFR,00000032,
02011C09,REFR,02005892,
02011C0A,REFR,0200DDB5,
02011C0B,REFR,02003BDA,
02011C0C,REFR,02003BDA,
02011C15,REFR,02003BDA,
02011C16,REFR,0200E9E8,
02011C17,REFR,0200DDB5,
02011C18,REFR,02003BDA,
02011C19,REFR,02003BDA,
02011C1A,REFR,02003BDA,
02011C1B,REFR,02003BDA,
02011C1C,REFR,02003BDA,
02011C1D,REFR,02003BDA,
02011C1E,REFR,02003BDA,
02011C25,REFR,02003BDA,
02011C27,REFR,02003BDB,
02011C28,REFR,0200DDB5,
02011C29,REFR,02004332,
02011C2A,REFR,02012DB9,
02011C2B,REFR,02012DBA,
02011C2C,REFR,02003BD9,
02011C2D,REFR,02004334,
02011C2E,REFR,0200E3E4,
02011C2F,REFR,0200E3EA,
02011C30,REFR,02005899,
02011C34,REFR,0200DDB5,
02011C39,REFR,02005894,
02011C3A,REFR,02005890,
02011C3B,REFR,02012DBA,
02011C3C,REFR,02012DBA,
02011C3D,REFR,02012DB9,
02011C3E,REFR,02003BDA,
02011C3F,REFR,02003BDA,
02011C43,REFR,0200E3E3,
02011C44,REFR,0200E3EA,
02011C45,REFR,0200E3EB,
02011C46,REFR,00073CE6,
02011C47,REFR,00073CE6,
02011C49,REFR,02006AA4,
02011C4A,REFR,02006AA5,
02011C4B,REFR,02006AA6,
02011C4C,REFR,02006AA4,
02011C4D,REFR,02006AA3,
02011C4E,REFR,00073CE6,
02011C4F,REFR,02006AA6,
02011C50,REFR,0200E3E4,
02011C51,REFR,02006AA4,
02011C53,REFR,0200CA84,
02011C54,REFR,02011851,
02011C55,REFR,02011810,
02011C56,REFR,02003BDA,
02011C5C,REFR,02011811,
02011C5D,REFR,02003BD9,
02011D3A,REFR,02011BC4,
02011D3B,REFR,02011BC4,
02011D3C,REFR,02011BCA,
02011D3D,REFR,02011BC8,
02011D3E,REFR,02011BC5,
02011D3F,REFR,02011BC7,
02011D40,REFR,02011BCD,
02011D41,REFR,02011BCA,
02011D42,REFR,02011BC5,
02011D43,REFR,02011BC9,
02011D44,REFR,02011BC8,
02011D45,REFR,02011BC8,
02011D46,REFR,02011BCD,
02011D47,REFR,02011BCA,
02011D48,REFR,02011BC8,
02011D49,REFR,02011BCC,
02011D4A,REFR,02011BC8,
02011D4B,REFR,02011BCB,
02011D4C,REFR,02011BC8,
02011D4D,REFR,02011BC7,
02011D4E,REFR,02011BCA,
02011D4F,REFR,02011BC6,
02011D50,REFR,02011BCB,
02011D51,REFR,02011BCA,
02011D52,REFR,02011BC8,
02011D53,REFR,02011BC6,
02011E24,REFR,00000034,
02011E25,REFR,0201A98A,
02011E26,REFR,0000003B,
02011E27,REFR,0000003B,
02011E28,REFR,0000003B,
02011E29,REFR,02017651,
02011F16,REFR,00000034,
02011F1A,REFR,0200E3E2,
02011F1B,REFR,0200E3E7,
02011F1C,REFR,0200E3E9,
02011F1D,REFR,0200E3E3,
02011F1E,REFR,0200E3EC,
02011F1F,REFR,0200E3EB,
02011F20,REFR,0200E3EB,
02011F21,REFR,0200E3E5,
02011F22,REFR,0200E3E5,
02011F23,REFR,0200E3E2,
02011F24,REFR,0200E3E7,
02011F25,REFR,0200E3E9,
02011F26,REFR,0200E3E6,
02011F27,REFR,02003BDA,
02011F28,REFR,02003BD9,
02011F29,REFR,02003BD9,
02011F2A,REFR,0200E3E8,
02011F36,REFR,020141AB,
02011F37,REFR,020141AB,
02011F3E,REFR,02011BC9,
02011F3F,REFR,02011BC4,
02011F40,REFR,02011BCC,
02011F42,REFR,02011BC5,
02011F43,REFR,02011BC7,
02011F44,REFR,02011BC9,
02011F45,REFR,0200CA84,
02011F46,REFR,02011BC9,
02011F47,REFR,02011BCD,
02011F48,REFR,02011BC8,
02011F49,REFR,02011BC8,
02011F4A,REFR,02011BC8,
02011F4B,REFR,02011BC8,
02011F4C,REFR,02011BC8,
02011F4D,REFR,02011BC4,
02011F4E,REFR,02011BC8,
02011F4F,REFR,02011BC8,
02011F50,REFR,02011BC8,
02011F51,REFR,02011BCD,
02011F52,REFR,02011BC4,
02011F53,REFR,02011BC8,
02011F54,REFR,02011BC5,
02011F55,REFR,02011BC8,
02011F56,REFR,02011BC4,
02011F57,REFR,02011BC8,
02011F58,REFR,02011BC8,
02011F59,REFR,02011BC8,
02011F5A,REFR,02011BC7,
02011F5B,REFR,02011BC8,
02011F5C,REFR,02011BCD,
02011F5D,REFR,02011BCD,
02011F5E,REFR,02011BC9,
02011F60,REFR,02011BC7,
02011F61,REFR,02011BC8,
02011F62,REFR,02011BC8,
02011F63,REFR,02011BC8,
02011F64,REFR,02011BC8,
02011F65,REFR,02011BC7,
02011F66,REFR,02011BCD,
02011F67,REFR,02011BC8,
02011F68,REFR,02011BC8,
02011F69,REFR,02011BC8,
02011F6A,REFR,02011BCD,
02011F6B,REFR,02011BCD,
02011F6C,REFR,02011BC8,
02011F6D,REFR,02011BC8,
02011F6E,REFR,02011BC9,
02011F6F,REFR,02011BC8,
02011F70,REFR,02011BCC,
02011F71,REFR,02011BC8,
02011F72,REFR,02011BC8,
02011F73,REFR,02011BCD,
02011F74,REFR,02011BC8,
02011F75,REFR,02011BCD,
02011F76,REFR,02011BC8,
02011F77,REFR,02011BC4,
02011F78,REFR,02011BC4,
02011F79,REFR,02011BCC,
02011F7A,REFR,02011BC2,
02011F7B,REFR,02011BCC,
02011F7C,REFR,02011BC8,
02011F7D,REFR,02011BCD,
02011F7E,REFR,02011BC8,
02011F7F,REFR,02011BC8,
02011F80,REFR,02011BCD,
02011F81,REFR,02011BC8,
02011F82,REFR,02011BCD,
02011F83,REFR,02011BC8,
02011F93,REFR,0000003B,
02011F94,REFR,0000003B,
02011F95,REFR,0000003B,
02011F96,REFR,0000003B,
02011F97,REFR,0000003B,
02011F98,REFR,0000003B,
02011F99,REFR,0000003B,
02011F9A,REFR,0000003B,
02011F9C,REFR,02011F9B,
02011F9E,ACHR,02002B0D,Easy
02011F9F,REFR,00000034,
02011FA2,REFR,00000032,
02011FA3,REFR,00000032,
0201227C,REFR,02011BC8,
0201227D,REFR,02011BC8,
0201227E,REFR,02011BCD,
0201227F,REFR,02011BC9,
02012280,REFR,02011BCD,
02012281,REFR,02011BC8,
02012282,REFR,02011BCD,
02012283,REFR,02011BC8,
02012284,REFR,02011BC3,
02012285,REFR,02011BCB,
02012286,REFR,02011BC4,
02012287,REFR,02011BCA,
02012288,REFR,02011BC7,
02012289,REFR,02011BC7,
0201228A,REFR,02011BCD,
0201228B,REFR,02011BC3,
0201228C,REFR,02011BC8,
0201228D,REFR,02011BC6,
0201228E,REFR,02011BC8,
0201228F,REFR,02011BC3,
02012290,REFR,02011BCC,
02012291,REFR,02011BC4,
02012292,REFR,02011BCB,
02012293,REFR,02011BCB,
02012294,REFR,02011BC6,
02012295,REFR,02011BC3,
02012296,REFR,02011BCA,
02012297,REFR,02011BC5,
02012298,REFR,02011BC8,
02012299,REFR,02011BCC,
0201229A,REFR,02011BC8,
0201229B,REFR,02011BCB,
0201229C,REFR,02011BC7,
0201229D,REFR,02011BCD,
0201229E,REFR,02011BCC,
0201229F,REFR,02011BC4,
020122A0,REFR,02011BC8,
020122A1,REFR,02011BC8,
020122A2,REFR,02011BCD,
020122A3,REFR,02011BCA,
020122A4,REFR,02011BC3,
020122A5,REFR,02011BCB,
020122A6,REFR,02011BC6,
020122A7,REFR,02011BC8,
020122A8,REFR,02011BCB,
020122A9,REFR,02011BCC,
020122AA,REFR,0200E9E8,
020122AB,REFR,02011BCD,
020122AC,REFR,02011BC9,
020122AD,REFR,02011BCB,
020122AE,REFR,02011BCB,
020122AF,REFR,02011BCD,
020122B0,REFR,02011BCD,
020122B1,REFR,02011BCD,
020122B2,REFR,02011BC9,
020122B3,REFR,02011BC9,
020122B4,REFR,02011BCD,
020122B5,REFR,0200CA84,
020122BA,REFR,00000032,
02012370,REFR,02011BC4,
02012371,REFR,02011BC8,
02012372,REFR,02011BC7,
02012373,REFR,02011BC4,
02012374,REFR,02011BCD,
02012375,REFR,02011BC4,
02012376,REFR,02011BCC,
02012377,REFR,02011BC7,
02012378,REFR,02011BC4,
02012379,REFR,02011BCC,
0201237A,REFR,02011BC4,
0201237B,REFR,02011BC7,
0201237C,REFR,02011BC4,
0201237D,REFR,02011BCC,
0201237E,REFR,02011BCD,
0201237F,REFR,02011BC4,
02012380,REFR,02011BCC,
02012381,REFR,02011BC4,
02012382,REFR,02011BC8,
02012383,REFR,02011BC7,
02012384,REFR,02011BCD,
02012385,REFR,02011BC8,
02012386,REFR,02011BC4,
02012387,REFR,02011BC8,
02012388,REFR,02011BC8,
02012389,REFR,02011BC8,
0201238A,REFR,02011BC4,
0201238B,REFR,02011BCC,
0201238C,REFR,02011BC4,
0201238D,REFR,02011BC8,
0201238E,REFR,02011BC4,
0201238F,REFR,02011BCC,
02012390,REFR,02011BC8,
02012391,REFR,02011BCC,
02012392,REFR,02011BC4,
02012393,REFR,02011BC8,
02012394,REFR,02011BC8,
02012395,REFR,02011BCD,
02012396,REFR,02011BC8,
02012397,REFR,02011BCD,
02012398,REFR,02011BC4,
02012399,REFR,02011BC4,
0201239A,REFR,02011BC8,
0201239B,REFR,02011BCC,
0201239C,REFR,02011BC8,
0201239D,REFR,02011BCD,
0201239E,REFR,02011BC9,
0201239F,REFR,02011BCC,
020123A0,REFR,02011BC4,
020123A1,REFR,02011BC8,
020123A2,REFR,02011BC8,
020123A3,REFR,02011BCD,
020123A4,REFR,02011BC9,
020123A9,REFR,020123A8,
020123AA,REFR,0000003B,
02012492,REFR,0200CA84,
02012493,REFR,02011D55,
02012494,REFR,02011D55,
02012495,REFR,02011D55,
02012496,REFR,02011D55,
02012497,REFR,02011D55,
02012498,REFR,02011D55,
02012499,REFR,02011BC8,
0201249A,REFR,02011D55,
0201249B,REFR,02011BC8,
0201249C,REFR,02011BCD,
0201249D,REFR,02011BCB,
0201249E,REFR,02011BCD,
0201249F,REFR,02011BCC,
020124A0,REFR,02011BCB,
020124A1,REFR,02011BCD,
020124A2,REFR,02011D55,
020124A3,REFR,02011D55,
020124A4,REFR,02011BC8,
020124A5,REFR,02011BCD,
020124A6,REFR,02011BC5,
020124A7,REFR,02011BC8,
020124A8,REFR,02011BC8,
020124AA,REFR,02011BC9,
020124AB,REFR,02011BC6,
020124AC,REFR,02011BC8,
020124AD,REFR,02011BCC,
020124AE,REFR,02011BCD,
020124AF,REFR,02011BC9,
020124B0,REFR,02011BCD,
020124B1,REFR,02011BC9,
020124B2,REFR,02011BC9,
020124B3,REFR,02011BCC,
020124B4,REFR,02011BCD,
020124B5,REFR,02011BCC,
020124B6,REFR,02011BCC,
020124B7,REFR,02011D55,
020124B8,REFR,02011BC8,
020124B9,REFR,02011BCC,
020124BA,REFR,02011BC8,
020124BB,REFR,02011BC8,
020124BC,REFR,02011BCD,
020124BD,REFR,02011BC6,
020124BE,REFR,02011BCD,
020124BF,REFR,02011BCC,
020124C0,REFR,02011BC8,
020124C1,REFR,02011BC6,
020124C2,REFR,02011BC6,
020124C3,REFR,02011BCD,
020124C4,REFR,02011BCB,
020124C5,REFR,02011BC9,
020126AB,REFR,02019921,
020126C6,REFR,000138C0,
020126C7,REFR,000138C0,
020126C8,REFR,0010D9D2,
020126C9,REFR,0001397D,
020126CA,REFR,020041E0,
020127F1,REFR,0001643B,
020127F2,REFR,0001643B,
020127F3,REFR,020059C2,
020127F4,REFR,02010BAE,
020127F5,REFR,02010BA4,
020127F6,REFR,02010BA4,
020127F7,REFR,02010BAD,
020127F8,REFR,02010BAD,
020127F9,REFR,02010BAD,
020127FA,REFR,02010BAE,
020127FB,REFR,02010BA4,
020127FC,REFR,0200E3EF,
020127FD,REFR,02007ADA,
020127FE,REFR,02007AD9,
020127FF,REFR,02007AD9,
02012800,REFR,02007ADA,
02012801,REFR,02007AD8,
02012802,REFR,0001643B,
02012803,REFR,0001643B,
02012804,REFR,020059C2,
02012805,REFR,02010BA4,
02012806,REFR,02010BA4,
02012807,REFR,02010BAD,
02012808,REFR,02010BAD,
02012809,REFR,02010BAD,
0201280A,REFR,02010BAE,
0201280B,REFR,02010BA4,
0201280D,REFR,02009341,
0201280E,REFR,02007AD8,
0201280F,REFR,02007AD9,
02012810,REFR,02007ADA,
02012811,REFR,0200E3EF,
02012812,REFR,0001643B,
02012813,REFR,0001643B,
02012814,REFR,020059C2,
02012815,REFR,02010BAE,
02012816,REFR,02010BAE,
02012817,REFR,02010BAD,
02012818,REFR,02010BAD,
02012819,REFR,02010BAD,
0201281A,REFR,02010BA4,
0201281B,REFR,02010BA4,
0201281C,REFR,02010BA4,
0201281D,REFR,0200E3EF,
0201281E,REFR,02007ADA,
0201281F,REFR,02007AD9,
02012820,REFR,02007AD9,
02012822,REFR,02007AD8,
02012823,REFR,02010BA4,
02012824,REFR,0001643B,
02012825,REFR,0001643B,
02012826,REFR,020059C2,
02012827,REFR,02010BAE,
02012828,REFR,02010BA4,
02012829,REFR,02010BA4,
0201282A,REFR,02010BAD,
0201282B,REFR,0200E3EF,
0201282C,REFR,02007ADA,
0201282D,REFR,02007AD9,
0201282E,REFR,02007ADA,
0201282F,REFR,02007AD9,
02012830,REFR,02007AD8,
02012831,REFR,02009341,
02012832,REFR,02007ADA,
02012833,REFR,02007ADA,
02012834,REFR,02007AD9,
02012835,REFR,02007AD8,
02012836,REFR,0001643B,
02012837,REFR,0001643B,
02012838,REFR,020059C2,
02012839,REFR,02010BAE,
0201283A,REFR,02010BA4,
0201283B,REFR,02010BA4,
0201283C,REFR,02010BAD,
0201283D,REFR,02010BAD,
0201283E,REFR,02010BAD,
0201283F,REFR,02010BAE,
02012840,REFR,02010BA4,
02012841,REFR,0200E3EF,
02012842,REFR,02007ADA,
02012843,REFR,02009341,
02012844,REFR,02007AD9,
02012845,REFR,02007ADA,
02012846,REFR,02007ADA,
02012847,REFR,02007AD9,
02012848,REFR,02007AD8,
02012849,REFR,02007AD9,
0201284A,REFR,02007ADA,
0201284B,REFR,0001643B,
0201284C,REFR,0001643B,
0201284D,REFR,02010BA4,
0201284E,REFR,02010BA4,
0201284F,REFR,02010BAD,
02012850,REFR,02010BAD,
02012851,REFR,02010BAD,
02012852,REFR,02010BAE,
02012853,REFR,0200E3EF,
02012854,REFR,02007AD9,
02012855,REFR,02007ADA,
02012856,REFR,02007ADA,
02012857,REFR,02007AD9,
02012859,REFR,0001A6E2,
0201285A,REFR,02009343,
020128AF,REFR,02011BCD,
020128B0,REFR,0200DDB5,
020128B1,REFR,0200DDB5,
020128B2,REFR,0200DDB5,
020128B3,REFR,0200DDB5,
020128B4,REFR,0200DDB5,
020128B5,REFR,0200DDB5,
020128B6,REFR,0200DDB5,
020128B7,REFR,02011BC8,
020128B8,REFR,02011BC3,
020128B9,REFR,02011BC8,
020128BA,REFR,02007ADA,
020128BB,REFR,02007AD9,
020128BC,REFR,02007ADA,
020128BD,REFR,02009341,
020128BE,REFR,02007ADA,
020128BF,REFR,02007AD9,
020128C0,REFR,0200280F,
020128C1,REFR,02007ADA,
020128C2,REFR,02007ADA,
020128C3,REFR,02007AD9,
020128C4,REFR,02007ADA,
020128C5,REFR,02007ADA,
020128C6,REFR,02007AD9,
020128C7,REFR,02007AD9,
020128C8,REFR,02007ADA,
020128C9,REFR,02007ADA,
020128CA,REFR,02007ADA,
020128CB,REFR,02007ADA,
020128CC,REFR,02007AD9,
020128CD,REFR,02007ADA,
020128CE,REFR,02007AD9,
020128CF,REFR,02007AD9,
020128D0,REFR,02007AD9,
020128D1,REFR,02007ADA,
020128D2,REFR,02007ADA,
020128D3,REFR,02007ADA,
020128D4,REFR,02007ADA,
020128D5,REFR,02007ADA,
020128D6,REFR,02007ADA,
020128D7,REFR,02007ADA,
020128D8,REFR,02007ADA,
020128D9,REFR,00000017,
02012A65,REFR,0200E3EB,
02012A66,REFR,0200E3EC,
02012A67,REFR,0200E3E4,
02012A71,REFR,02005899,
02012A72,REFR,0200E3E5,
02012A73,REFR,0200E3E4,
02012A74,REFR,0200E3EC,
02012A75,REFR,0200E3EC,
02012BA3,REFR,02012BA4,
02012BAB,REFR,02011808,
02012BAE,REFR,0006F273,
02012CF4,REFR,02011BCA,
02012CF5,REFR,02011D55,
02012CF6,REFR,00000017,
02012CF7,REFR,00000017,
02012CF8,REFR,02011BC4,
02012CF9,REFR,02011BC8,
02012CFA,REFR,02011BCC,
02012D1A,REFR,00027D1F,
02012D1B,REFR,00018199,
02012D1C,REFR,00018199,
02012D1D,REFR,00018199,
02012D1E,REFR,00018199,
02012D1F,REFR,00018199,
02012D20,REFR,00018199,
02012D21,REFR,00018199,
02012D23,REFR,00018199,
02012D24,REFR,00018199,
02012D25,REFR,00018199,
02012D26,REFR,00018199,
02012D45,REFR,0200588E,
02012D46,REFR,0200588F,
02012D47,REFR,02005890,
02012D52,REFR,02003BDB,
02012D53,REFR,02003BDB,
02012D56,REFR,0200E9E8,
02012D57,REFR,0200E9E9,
02012D58,REFR,020059CB,
02012D59,REFR,020059C9,
02012D5A,REFR,0200280E,
02012D5B,REFR,0200280E,
02012D5C,REFR,020059CB,
02012D5D,REFR,020059CA,
02012D5E,REFR,020059CA,
02012D5F,REFR,020059CA,
02012D60,REFR,02004333,
02012D61,REFR,02004334,
02012D63,REFR,02003BDA,
02012D65,REFR,02003BDA,
02012D7B,REFR,0200E3EC,
02012D96,REFR,02003BDA,
02012D98,REFR,02003BDA,
02012D99,REFR,02003BDA,
02012D9A,REFR,02003BDA,
02012D9B,REFR,02004333,
02012D9C,REFR,0200DDB5,
02012D9D,REFR,02003BDB,
02012D9E,REFR,02003BDA,
02012DA0,REFR,02002814,
02012DA1,REFR,020059CC,
02012DA2,REFR,020059CB,
02012DA3,REFR,020059CC,
02012DA9,REFR,02003BDA,
02012DAA,REFR,02003BDA,
02012DAB,REFR,0200588E,
02012DAE,REFR,0200E9E9,
02012DAF,REFR,0200DDB5,
02012DB0,REFR,02003BDA,
02012DB1,REFR,02003BDA,
02012DB2,REFR,02003BDA,
02012DB3,REFR,02004333,
02012DB4,REFR,02004334,
02012DB5,REFR,02004334,
02012DBC,REFR,0004B584,
02012DBD,REFR,02005890,
02012DBE,REFR,0200588E,
02012DC9,REFR,0200E3EB,
02012DCA,REFR,0200E3EB,
02012DCB,REFR,0200E3EA,
02012DCD,REFR,0200E3EB,
02012DCE,REFR,0200E3EB,
02012DCF,REFR,0200E3E4,
02012DD2,REFR,02003BDA,
02012DD3,REFR,02003BDA,
02012DD4,REFR,02003BDA,
02012DD5,REFR,02003BDA,
02012DD8,REFR,0200E9E8,
02012DDC,REFR,02003BD9,
02012DDD,REFR,02003BDA,
02012DDE,REFR,02003BDA,
02012DDF,REFR,02003BDA,
02012DE0,REFR,02003BDA,
02012DE1,REFR,02003BDA,
02012DE2,REFR,02003BDA,
02012DE3,REFR,02012DB9,
02012DE4,REFR,02012DB9,
02012DE5,REFR,02012DB9,
02012DE6,REFR,02004334,
02012DE7,REFR,0200DDB5,
02012DEB,REFR,02003BDB,
02012DEC,REFR,02003BDB,
02012DEE,REFR,02003BDB,
02012DF1,REFR,0200DDB5,
02012DF2,REFR,02004333,
02012DF3,REFR,02004334,
02012DF4,REFR,02004334,
02012E01,REFR,0200280E,
02012E1D,REFR,02003BDA,
02012E1E,REFR,02003BDA,
02012E1F,REFR,02003BDA,
02012E20,REFR,02003BDA,
02012E21,REFR,02003BDA,
02012E22,REFR,02003BDA,
02012E23,REFR,02003BDA,
02012E24,REFR,02003BDA,
02012E26,REFR,02003BDA,
02012E27,REFR,02011C40,
02012E28,REFR,0200E3E4,
02012E29,REFR,0200E3EA,
02012E2A,REFR,0200E3E4,
02012E2B,REFR,02006AA5,
02012E2C,REFR,02006AA6,
02012E2D,REFR,02006AA3,
02012E2E,REFR,02006AA3,
02012E34,REFR,02003BDA,
02012E36,REFR,02003BDA,
02012E37,REFR,02003BDA,
02012E38,REFR,02003BDA,
02012E39,REFR,02003BDA,
02012E3A,REFR,02003BDA,
02012E3B,REFR,02003BDA,
02012E3C,REFR,02003BDA,
02012E5F,REFR,02003BDA,
02012E61,REFR,02003BDA,
02012E62,REFR,0200DDB5,
02012E63,REFR,02004334,
02012E64,REFR,02004334,
02012E65,REFR,02003BDA,
02012E7B,REFR,02003BDA,
02012E7C,REFR,02003BDA,
02012E7D,REFR,02003BDA,
02012E7E,REFR,02003BDA,
02012E7F,REFR,02003BDA,
02012E80,REFR,02003BDA,
02012E81,REFR,02003BDA,
02012E84,REFR,02003BDB,
02012E85,REFR,02003BDB,
02012E87,REFR,02003BDB,
02012EA1,REFR,02006AA4,
02012EAC,REFR,020041E8,
02012EAD,REFR,020041E0,
02012EAE,REFR,020041E0,
02012EAF,REFR,020041E0,
02012EB8,REFR,0001E595,
02012EBB,REFR,02005890,
02012EBF,REFR,0200DDB5,
02012EC0,REFR,02003BDA,
02012EC1,REFR,02003BDA,
02012EC2,REFR,02003BDA,
02012EC3,REFR,0200E9E9,
02012EC4,REFR,0200E9E8,
02012EC5,REFR,0200E9E8,
02012EC6,REFR,0200E9E8,
02012EC7,REFR,0200E9E9,
02012EC8,REFR,0200E9E9,
02012ECC,REFR,0200DDB5,
02012ECD,REFR,02004333,
02012ECE,REFR,02004333,
02012ECF,REFR,0200DDB5,
02012ED0,REFR,0200DDB5,
02012ED1,REFR,0200DDB5,
02012ED2,REFR,0200DDB5,
02012ED3,REFR,0200DDB5,
02012ED4,REFR,02004334,
02012ED5,REFR,02003BDB,
02012ED6,REFR,02003BDB,
02012ED7,REFR,02003BDB,
02012ED8,REFR,02003BDA,
02012ED9,REFR,02003BDA,
02012EDA,REFR,02003BDA,
02012EDB,REFR,02003BDA,
02012EDC,REFR,02003BDA,
02012EDD,REFR,02003BDA,
02012EDE,REFR,0200DDB5,
02012EDF,REFR,0200DDB5,
02012EFB,REFR,02003BDA,
02012EFC,REFR,02003BDA,
02012EFD,REFR,02003BDA,
02012EFE,REFR,0200DDB5,
02012EFF,REFR,0200DDB5,
02012F01,REFR,02003BDA,
02012F02,REFR,02003BDA,
02012F03,REFR,02003BDA,
02012F04,REFR,02003BDA,
02012F05,REFR,02003BDA,
02012F06,REFR,02003BDA,
02012F07,REFR,02003BDA,
02012F08,REFR,02003BDA,
02012F09,REFR,02003BDA,
02012F10,REFR,02003BDA,
02012F11,REFR,02003BDA,
02012F17,REFR,0200DDB5,
02012F18,REFR,0200DDB5,
02012F19,REFR,0200DDB5,
02012F3B,REFR,02003BDA,
02012F3C,REFR,02003BDA,
02012F3D,REFR,02003BDA,
02012F3E,REFR,02003BDA,
02012F3F,REFR,02003BDB,
02012F7B,REFR,0200F9EA,
02012F7C,REFR,0200F9FA,
02012F7D,REFR,0200F9F1,
02012F7E,REFR,0200F9EE,
02012F7F,REFR,0200F9FA,
02012F80,REFR,0200F9F0,
02012F81,REFR,0200F9F0,
02012F82,REFR,0200F9F1,
02012F83,REFR,0200F9FA,
02012F84,REFR,0200F9FA,
02012F85,REFR,0200F9F1,
02012FAA,REFR,0200588F,
02012FAC,REFR,0200588E,
02012FAD,REFR,02005890,
02012FAE,REFR,02005890,
02012FAF,REFR,0200588F,
02012FB1,REFR,0200588F,
02012FB2,REFR,0200588F,
02012FB3,REFR,0200588E,
02012FB5,REFR,02005890,
02012FB6,REFR,0200588E,
02012FB7,REFR,02003BDA,
02012FB8,REFR,02003BDA,
02012FB9,REFR,02003BDA,
02012FBA,REFR,02003BDA,
02012FBB,REFR,02003BDA,
02012FBC,REFR,02003BDA,
02012FBD,REFR,02003BDA,
02012FBE,REFR,02003BDA,
02012FBF,REFR,02003BDA,
02012FEF,REFR,00000021,
02013015,REFR,0200DDB5,
02013016,REFR,0200DDB5,
02013017,REFR,0200DDB5,
02013018,REFR,0200DDB5,
02013019,REFR,0200DDB5,
0201301A,REFR,0200DDB5,
0201301B,REFR,0200DDB5,
0201301C,REFR,0200DDB5,
0201301D,REFR,0200DDB5,
0201301E,REFR,0200DDB5,
0201301F,REFR,0200DDB5,
02013020,REFR,0200DDB5,
02013021,REFR,02003BDA,
02013022,REFR,02003BDA,
02013023,REFR,02003BDA,
02013024,REFR,02003BDA,
02013025,REFR,02003BDA,
02013026,REFR,02003BDA,
02013027,REFR,02003BDA,
02013028,REFR,02003BDA,
02013029,REFR,02003BDA,
0201302B,REFR,02003BDA,
0201302C,REFR,02003BDA,
0201302D,REFR,02003BDA,
0201302F,REFR,02003BD9,
02013031,REFR,02003BDA,
02013032,REFR,02003BDA,
02013033,REFR,02003BDA,
02013034,REFR,02003BDA,
02013035,REFR,02003BDA,
02013036,REFR,02003BDA,
02013038,REFR,02003BDA,
02013039,REFR,02003BDA,
0201303A,REFR,02003BDA,
0201303B,REFR,0200DDB5,
0201303C,REFR,0200DDB5,
0201303D,REFR,0200DDB5,
0201303E,REFR,0200DDB5,
0201303F,REFR,0200DDB5,
02013040,REFR,02003BDA,
02013041,REFR,02003BDA,
02013043,REFR,02003BDA,
02013045,REFR,02003BDA,
02013048,REFR,02003BDA,
02013049,REFR,0200DDB5,
0201304B,REFR,0200DDB5,
0201304C,REFR,02003BDA,
0201304D,REFR,02003BDA,
0201304E,REFR,02003BDA,
0201304F,REFR,0200DDB5,
02013050,REFR,02004333,
02013052,REFR,02004334,
02013053,REFR,02004334,
02013054,REFR,0200DDB5,
02013055,REFR,02003BDA,
02013056,REFR,02003BDA,
02013058,REFR,02003BDA,
0201305A,REFR,02003BDA,
0201305C,REFR,02003BDA,
0201305D,REFR,02003BDA,
0201305E,REFR,02003BDA,
02013060,REFR,02003BDA,
02013061,REFR,02003BDA,
020130AC,REFR,0200280E,
020130AD,REFR,020059CC,
020130AF,REFR,020059CB,
020130B0,REFR,0200DDB5,
020130B1,REFR,0200DDB5,
020130B2,REFR,0200DDB5,
020130B3,REFR,0200DDB5,
02013212,REFR,02013213,
02013214,REFR,02012DBA,
02013216,REFR,02012DBA,
02013219,REFR,02012DBA,
0201321A,REFR,02012DB9,
0201321B,REFR,02011812,
0201321C,REFR,0201181C,
0201321D,REFR,0200E3E8,
0201321E,REFR,0200E3EC,
02013220,REFR,0200E3E4,
02013221,REFR,0200E3EA,
02013222,REFR,0200E3E4,
02013223,REFR,0200E3E4,
02013225,REFR,00073CE5,
02013226,REFR,00073CE5,
02013227,REFR,02006AA6,
02013228,REFR,02006AA4,
02013229,REFR,02006AA6,
0201322A,REFR,02006AA4,
0201322B,REFR,02006AA3,
0201322C,REFR,02006AA5,
0201322D,REFR,02006AA5,
0201322E,REFR,02006AA4,
0201322F,REFR,02006AA4,
02013231,REFR,02006AA4,
02013232,REFR,02012DB9,
02013233,REFR,0200E3E6,
02013234,REFR,02011810,
02013235,REFR,00018BA5,
02013236,REFR,02012DB9,
02013237,REFR,02003BDA,
02013238,REFR,02003BDB,
0201323A,REFR,02003BDA,
0201323B,REFR,02003BDB,
0201323C,REFR,0200DDB5,
0201323D,REFR,0200E3E6,
0201323E,REFR,0200E3E7,
0201323F,REFR,0200E3E6,
02013240,REFR,0200E3E7,
02013241,REFR,0200DDB5,
02013243,REFR,0200CA84,
02013244,REFR,02011808,
02013245,REFR,0200DDB5,
02013248,REFR,02003BD9,
02013249,REFR,02011C41,
0201324E,REFR,02011C41,
02013250,REFR,02003BD9,
02013251,REFR,0200E3E9,
02013252,REFR,02003BD9,
02013253,REFR,0200E3E9,
02013254,REFR,02003BD9,
02013255,REFR,02011C41,
02013256,REFR,02012DBA,
02013257,REFR,0200DDB5,
02013259,REFR,0200E3EC,
0201325A,REFR,00029D98,
0201325B,REFR,02012DBA,
0201325C,REFR,02003BDA,
0201325D,REFR,02013260,
0201325E,REFR,02012DB9,
0201325F,REFR,02003BDB,
02013263,REFR,02011C41,
02013264,REFR,02003BDA,
02013266,REFR,02011811,
02013268,REFR,0201181C,
0201326D,REFR,02011808,
0201326E,REFR,0006F273,
0201326F,REFR,020059B4,
02013270,REFR,020059B4,
02013271,REFR,02011810,
02013272,REFR,02011C41,
02013273,REFR,02005899,
02013274,REFR,02004334,
02013275,REFR,02003BDA,
02013276,REFR,02013277,
02013278,REFR,02003BDA,
0201327A,REFR,02012DBA,
0201327C,REFR,0201327D,
0201327E,REFR,02003BDB,
0201327F,REFR,02011811,
02013280,REFR,02011810,
02013283,REFR,0200589B,
02013796,REFR,020141AB,
020137C1,REFR,020141AB,
020137C2,REFR,020141AB,
020137C3,REFR,0200C22E,
020137CC,REFR,0200E3EC,
020137CD,REFR,0200E3EC,
020137CE,REFR,0200E3EC,
020137CF,REFR,0200E3E5,
0201391C,REFR,0200F9FA,
0201394B,REFR,0200F9EA,
0201394C,REFR,0200F9FA,
0201394D,REFR,0200F9FA,
0201394E,REFR,0200F9EA,
02013951,REFR,0200F9F0,
02013952,REFR,0200F9FA,
02013955,REFR,0200FA0A,
0201395B,REFR,0200F9FA,
0201395F,REFR,0200F9EE,
02013968,REFR,0200F9FA,
0201396A,REFR,0200F9F2,
0201396F,REFR,0200F9F0,
02013984,REFR,00000021,
02013E1D,REFR,0200E3E8,
02013E29,REFR,020141AB,
02013EE1,REFR,020059C9,
02013EE2,REFR,0000003B,
02013EE3,REFR,00000032,
02013F08,REFR,0000003B,
02013F09,REFR,0000003B,
02013F0A,REFR,0000003B,
02013F0B,REFR,02013F0C,
02013F34,REFR,02012DBA,
02013F39,REFR,02011808,
02013F3A,REFR,02011808,
02013F3B,REFR,02011808,
02013F3C,REFR,02011808,
02013F3D,REFR,02011808,
02013F3E,REFR,02011808,
02013F3F,REFR,02011808,
02013F40,REFR,02011808,
02013F41,REFR,02011808,
02013F42,REFR,02011808,
02013F52,REFR,02003AD5,
02013F53,REFR,02003AD5,
02013F54,REFR,02003AD4,
02013F55,REFR,02003AD4,
02013F56,REFR,02003AD3,
02013F57,REFR,02003AD3,
02013F58,REFR,0200280F,
02013F59,REFR,0200280F,
02013F5A,REFR,02003AD3,
02013F5B,REFR,02003AD5,
02013F5C,REFR,02003AD5,
02013F5D,REFR,02003AD3,
02013F5E,REFR,0200280F,
02013F5F,REFR,02003AD4,
02013F60,REFR,02003AD3,
02013F61,REFR,02003AD4,
02013F62,REFR,02003AD4,
02013F63,REFR,02003AD4,
02013F64,REFR,02003AD3,
02013F65,REFR,02005892,
02013F66,REFR,02012BA4,
02013F67,REFR,02012BA4,
02013F68,REFR,0200588E,
02013F69,REFR,0200588F,
02013F6C,REFR,0200588E,
02013F76,REFR,02012BA4,
02013F77,REFR,02012BA4,
02013F87,REFR,02011808,
02013F8A,REFR,02011808,
02013F8B,REFR,02005890,
02013F8F,REFR,02011851,
02013F92,REFR,02011851,
02013F93,REFR,02011851,
02013F94,REFR,02011808,
02013F95,REFR,02011808,
02013F96,REFR,02011808,
02013F97,REFR,02011808,
02013F98,REFR,02011808,
02013F99,REFR,02011808,
02013F9A,REFR,02011808,
02013F9B,REFR,02011808,
02013FA2,REFR,02005890,
02013FA3,REFR,02011808,
02013FA6,REFR,0200DDB5,
02013FA7,REFR,0200DDB5,
02013FA8,REFR,0200DDB5,
02013FA9,REFR,0200DDB5,
02013FAA,REFR,0200DDB5,
02013FAB,REFR,0200DDB5,
02013FAD,REFR,02013213,
02013FAE,REFR,02003BDA,
02013FAF,REFR,02003BDA,
02013FB0,REFR,02003BDA,
02013FB4,REFR,02003BDB,
02013FB5,REFR,02003BDB,
02013FB9,REFR,02003BDB,
02013FBA,REFR,02003BDB,
02013FBE,REFR,0000003B,
02013FBF,REFR,0000003B,
02013FC0,REFR,0000003B,
02013FC1,REFR,0000003B,
0201401A,ACHR,020093A1,
0201401B,REFR,000C4EFD,
0201401C,REFR,02014010,
0201401D,REFR,02014011,
0201401E,REFR,02014012,
0201401F,REFR,02014013,
02014020,REFR,02014014,
02014021,REFR,02014015,
02014022,REFR,02014016,
02014023,REFR,02014017,
02014024,REFR,02014018,
02014025,REFR,02014019,
02014026,REFR,00000034,
02014027,REFR,00000034,
0201402B,REFR,00000034,
0201417F,REFR,0201417E,
02014180,REFR,00000034,
020142F0,REFR,02013F0C,
020142F1,REFR,0000003B,
020142F2,REFR,0000003B,
020142F3,REFR,0000003B,
020142F4,REFR,0000003B,
020142F5,REFR,0000003B,
020142F6,REFR,0000003B,
020142F7,REFR,0000003B,
020142F8,REFR,0000003B,
020142F9,REFR,0000003B,
020142FA,REFR,0000003B,
020142FB,REFR,0000003B,
020142FC,REFR,02013F0C,
020142FD,REFR,0000003B,
020142FE,REFR,0000003B,
020142FF,REFR,0000003B,
02014300,REFR,0000003B,
02014301,REFR,0000003B,
02014302,REFR,0000003B,
02014303,REFR,0000003B,
02014304,REFR,02013F0C,
02014305,REFR,0000003B,
02014306,REFR,0000003B,
02014307,REFR,0000003B,
02014308,REFR,0000003B,
02014309,REFR,0000003B,
0201430A,REFR,0000003B,
0201430B,REFR,0000003B,
0201430C,REFR,0000003B,
0201430D,REFR,02013F0C,
0201430E,REFR,0000003B,
0201430F,REFR,0000003B,
02014310,REFR,0000003B,
02014311,REFR,0000003B,
02014312,REFR,0000003B,
02014313,REFR,0000003B,
02014314,REFR,02013F0C,
02014315,REFR,0000003B,
02014316,REFR,0000003B,
02014317,REFR,0000003B,
02014318,REFR,0000003B,
02014319,REFR,0000003B,
0201431A,REFR,0000003B,
0201431B,REFR,0000003B,
0201431C,REFR,0000003B,
0201431D,REFR,0000003B,
0201431E,REFR,0000003B,
0201431F,REFR,020141A9,
02014370,REFR,020141AA,
02014372,REFR,02011808,
02014373,REFR,0200DDB5,
02014374,REFR,0200DDB5,
02014375,REFR,0200DDB5,
02014376,REFR,0200DDB5,
02014377,REFR,0200DDB5,
02014378,REFR,02003BDA,
02014379,REFR,02003BDA,
0201437E,REFR,0200DDB5,
0201437F,REFR,0200DDB5,
02014380,REFR,0200DDB5,
02014381,REFR,0200DDB5,
02014385,REFR,0200DDB5,
02014386,REFR,0200DDB5,
0201438E,REFR,0200DDB5,
020143A3,REFR,02003BDB,
020143A4,REFR,02003BDB,
020143AC,REFR,02003BDA,
020143BA,REFR,02003BDB,
020143BB,REFR,02003BDB,
020143BC,REFR,02003BDA,
020143BD,REFR,02003BDA,
020143BE,REFR,02003BDA,
020143BF,REFR,02003BDA,
020143C0,REFR,02003BDA,
020143C1,REFR,02003BDA,
02014401,REFR,0200280E,
02014402,REFR,0200280E,
02014406,REFR,02002814,
02014407,REFR,020059C9,
02014408,REFR,020059CC,
02014409,REFR,020059CB,
0201440C,REFR,02003BDA,
0201440D,REFR,02003BDA,
0201440E,REFR,02003BDA,
0201440F,REFR,02003BDA,
02014410,REFR,02003BDA,
02014411,REFR,02003BDA,
02014412,REFR,0200DDB5,
02014413,REFR,0200DDB5,
02014414,REFR,0200DDB5,
02014428,REFR,0200DDB5,
02014436,REFR,02003BDB,
0201444F,REFR,0200280E,
02014450,REFR,0200280E,
02014451,REFR,0200280E,
02014452,REFR,0200280E,
02014453,REFR,020059CB,
02014454,REFR,020059C9,
02014463,REFR,02002814,
02014480,REFR,0200933C,
02014481,REFR,0001A6E2,
02014482,REFR,0001A6E2,
02014483,REFR,00018199,
02014484,REFR,020041E8,
02014485,REFR,020041E8,
02014486,REFR,0200C235,
0201448D,REFR,0200933C,
020144A0,REFR,02003BDA,
020144A4,REFR,02003BDA,
020144A5,REFR,02003BDA,
020144B4,REFR,02003BDB,
020144B5,REFR,02003BDB,
020144B9,REFR,02003BDB,
020144BD,REFR,0200DDB5,
020144C4,REFR,02003BDB,
020144C5,REFR,02003BDB,
020144C7,REFR,02003BDB,
020144C8,REFR,02003BDB,
020144C9,REFR,02003BDB,
020144CA,REFR,0200DDB5,
020144CB,REFR,0200DDB5,
020144CC,REFR,0200DDB5,
020144D2,REFR,0200DDB5,
020144D6,REFR,02003BDA,
020144E2,REFR,00000021,
020144E3,REFR,00000021,
020144E4,REFR,00000021,
020144E5,REFR,00000021,
0201450F,REFR,02003BDB,
02014514,REFR,0200DDB5,
02014515,REFR,0200DDB5,
02014520,REFR,020059CA,
02014521,REFR,020059CB,
0201455A,REFR,020059CC,
0201455D,REFR,020059C2,
0201455F,REFR,0200DDB5,
020145CE,REFR,0200DDB5,
020145D0,REFR,02003BDA,
020145D1,REFR,02003BDA,
020145DD,REFR,020141AB,
020145EA,REFR,00000032,
020145F2,REFR,0200DDB5,
020145F7,REFR,0200DDB5,
02014606,REFR,0200DDB5,
02014607,REFR,0200DDB5,
0201460E,REFR,02003BDA,
0201460F,REFR,020141A9,
02014611,REFR,020141A9,
02014613,REFR,020141A9,
02014615,REFR,020141AA,
0201461A,REFR,020141A9,
0201461C,REFR,020141A9,
0201461E,REFR,020141A9,
02014621,REFR,020141A9,
02014623,REFR,020141A9,
0201462C,REFR,0200588E,
0201462D,REFR,0200588E,
0201462E,REFR,0200DDB5,
0201462F,REFR,0200DDB5,
02014630,REFR,0200DDB5,
02014631,REFR,0200DDB5,
02014632,REFR,0200DDB5,
02014633,REFR,0200DDB5,
02014634,REFR,0200DDB5,
02014635,REFR,0200DDB5,
0201463A,REFR,0200DDB5,
02014644,REFR,0200DDB5,
020146DE,REFR,02013FEA,
020146E0,REFR,00000034,
020146E1,REFR,00000034,
02014700,REFR,000988DF,
02014702,REFR,000988DF,
02014704,REFR,000988DF,
02014705,REFR,000988DF,
02014748,REFR,020141AB,
0201474A,REFR,020141A9,
0201474B,REFR,020141A9,
0201474D,REFR,020141A9,
0201474F,REFR,020141A9,
02014753,REFR,020141AB,
0201475D,REFR,020141A9,
0201475E,REFR,020141A9,
0201475F,REFR,020141A9,
02014761,REFR,020141A9,
02014762,REFR,020141A9,
02014764,REFR,020141AB,
02014766,REFR,020141AB,
02014767,REFR,020141AB,
02014768,REFR,020141AB,
0201476B,REFR,020141AB,
0201476C,REFR,020141AB,
02014B3E,REFR,0005ACDF,
02014B57,REFR,020041E5,
02014C8F,REFR,02003BDA,
02014C90,REFR,02003BDA,
02014C91,REFR,02003BDA,
02014C93,REFR,02003BDA,
02014C94,REFR,02003BDA,
02014CCF,REFR,0200FAC2,
02014CD0,REFR,0200FAC2,
02014CD1,REFR,0010DDBB,
02014CD2,REFR,0200FAC2,
02014CD3,REFR,0200FAC2,
02014CD4,REFR,0200FAC2,
02014CD5,REFR,0200280C,
02014CD6,REFR,020059CA,
02014CD7,REFR,020059CA,
02014CD8,REFR,020059C9,
02014CD9,REFR,02002814,
02014CDA,REFR,0200280E,
02014CDB,REFR,020059CB,
02014CDC,REFR,0200280C,
02014CDD,REFR,020059CA,
02014CDE,REFR,020059CB,
02014CDF,REFR,020059C9,
02014CE0,REFR,0200280E,
02014CE1,REFR,020059CB,
02014CE2,REFR,020059C9,
02014CE3,REFR,0200280E,
02014CE4,REFR,0200280D,
02014CE5,REFR,020059CA,
02014CE6,REFR,0200FAC2,
02014CF9,REFR,0200CA84,
02014CFA,REFR,02003AD3,
02014CFB,REFR,02003AD4,
02014CFC,REFR,02003AD5,
02014CFD,REFR,02003AD3,
02014CFE,REFR,02003AD3,
02014CFF,REFR,0200CA84,
02014D00,REFR,02003AD5,
02014D01,REFR,0200CA84,
02014D02,REFR,0200CA84,
02014D03,REFR,02003AD4,
02014D04,REFR,0200280F,
02014D05,REFR,02003AD4,
02014D06,REFR,02003AD5,
02014D07,REFR,02003AD5,
02014D08,REFR,02006868,
02014D09,REFR,02003BDB,
02014D0A,REFR,02003BDB,
02014D0B,REFR,02003BDB,
02014D0C,REFR,02003BDB,
02014D0D,REFR,02003BDB,
02014D0E,REFR,0200CA84,
02014D0F,REFR,02003BDB,
02014D10,REFR,0200CA84,
02014D11,REFR,0200CA84,
02014D12,REFR,0200CA84,
02014D13,REFR,02003BDB,
02014D14,REFR,02003BDB,
02014D15,REFR,02003BDB,
02014D16,REFR,02003BDB,
02014D17,REFR,0200DDB5,
02014D18,REFR,0200DDB5,
02014D19,REFR,0200DDB5,
02014D1A,REFR,0200CA84,
02014D1B,REFR,0200CA84,
02014D1C,REFR,0200CA84,
02014D1D,REFR,0200CA84,
02014D1E,REFR,0200CA84,
02014D1F,REFR,0200CA84,
02014D20,REFR,0200CA84,
02014D21,REFR,0200CA84,
02014D22,REFR,0200CA84,
02014D23,REFR,0200DDB5,
02014D24,REFR,0200CA84,
02014D25,REFR,0200CA84,
02014D26,REFR,0200CA84,
02014D27,REFR,0200CA84,
02014D28,REFR,02006868,
02014D29,REFR,02003BDA,
02014D2A,REFR,0200CA84,
02014D2B,REFR,0200CA84,
02014D2C,REFR,0200CA84,
02014D2D,REFR,0200CA84,
02014D2E,REFR,0200CA84,
02014D2F,REFR,0200CA84,
02014D30,REFR,0200CA84,
02014D31,REFR,0200CA84,
02014D32,REFR,0200CA84,
02014D33,REFR,0200CA84,
02014D34,REFR,0200CA84,
02014D35,REFR,0200CA84,
02014D36,REFR,0200CA84,
02014D37,REFR,0200CA84,
02014D38,REFR,02006868,
02014D39,REFR,0200CA84,
02014D3A,REFR,0200CA84,
02014D3B,REFR,0200CA84,
02014D3C,REFR,0200CA84,
02014D3D,REFR,0200CA84,
02014D3E,REFR,0200CA84,
02014D3F,REFR,0200CA84,
02014D40,REFR,0200CA84,
02014D41,REFR,0200CA84,
02014D42,REFR,0200CA84,
02014D43,REFR,0200CA84,
02014D44,REFR,0200CA84,
02014D45,REFR,0200CA84,
02014D46,REFR,0200CA84,
02014D47,REFR,0200CA84,
02014D48,REFR,0200CA84,
02014D49,REFR,0200DDB5,
02014D4A,REFR,0200DDB5,
02014D4B,REFR,0200CA84,
02014D4C,REFR,0200DDB5,
02014D4D,REFR,0200DDB5,
02014D4E,REFR,0200DDB5,
02014D4F,REFR,0200DDB5,
02014D50,REFR,0200CA84,
02014D51,REFR,0200DDB5,
02014D52,REFR,0200DDB5,
02014D53,REFR,0200DDB5,
02014D54,REFR,0200DDB5,
02014D55,REFR,0200CA84,
02014D56,REFR,0200CA84,
02014D57,REFR,0200DDB5,
02014D58,REFR,0200DDB5,
02014D59,REFR,0200DDB5,
02014D5A,REFR,02011808,
02014D5B,REFR,02011823,
02014D5C,REFR,02012BA4,
02014D5D,REFR,020141A9,
02014D5E,REFR,0200CA84,
02014D5F,REFR,020141A9,
02014D60,REFR,0200CA84,
02014D61,REFR,0200CA84,
02014D62,REFR,0200CA84,
02014D63,REFR,02011808,
02014D64,REFR,0200CA84,
02014D65,REFR,0200CA84,
02014D66,REFR,0200CA84,
02014D67,REFR,02011823,
02014D68,REFR,02011823,
02014D69,REFR,0200CA84,
02014D6A,REFR,0200CA84,
02014D6B,REFR,02011810,
02014D6C,REFR,02011810,
02014D6D,REFR,02011808,
02014D6E,REFR,02011808,
02014D6F,REFR,02011808,
02014D70,REFR,0200CA84,
02014D79,REFR,0200CA84,
02014D7B,REFR,0200CA84,
02014D7C,REFR,0200CA84,
02014D7D,REFR,0200CA84,
02014D7E,REFR,0200CA84,
02014D81,REFR,0200CA84,
02014D83,REFR,0200CA84,
02014D84,REFR,0200CA84,
02014D85,REFR,0200CA84,
02014D86,REFR,0200CA84,
02014D87,REFR,0200CA84,
02014D88,REFR,0200CA84,
02014D89,REFR,0200CA84,
02014D8A,REFR,0200CA84,
02014D8B,REFR,0200CA84,
02014D8D,REFR,0200CA84,
02014D8E,REFR,0200CA84,
02014D91,REFR,0200CA84,
02014D92,REFR,0200CA84,
02014D93,REFR,0200CA84,
02014D98,REFR,0200CA84,
02014D9B,REFR,0200CA84,
02014D9C,REFR,0200CA84,
02014D9D,REFR,0200CA84,
02014D9E,REFR,0200CA84,
02014DA1,REFR,0200CA84,
02014DA4,REFR,0200CA84,
02014DA5,REFR,0200CA84,
02014DA6,REFR,0200CA84,
02014DAB,REFR,0200CA84,
02014DAC,REFR,0200CA84,
02014DAE,REFR,0200CA84,
02014DB7,REFR,0200CA84,
02014DBB,REFR,0200CA84,
02014DBC,REFR,0200CA84,
02014DBD,REFR,0200CA84,
02014DBF,REFR,0200CA84,
02014DC3,REFR,0200CA84,
02014DC6,REFR,00000032,
02014DC7,REFR,0200CA84,
02014DC9,REFR,0200CA84,
02014EC2,REFR,020058A1,
02014EC3,REFR,02003AD4,
02014EC4,REFR,0200589F,
02014EC5,REFR,02011823,
02014EC7,REFR,02012BA4,
02014EC8,REFR,02003AD4,
02014EC9,REFR,02011823,
02014ECA,REFR,0006F273,
02014ECB,REFR,0006F273,
02014ECC,REFR,0006F273,
02014EE0,REFR,0000003B,
02014F85,REFR,00000034,
020152D1,REFR,0200DDB5,
020152D2,REFR,0200DDB5,
020152D3,REFR,02003BDA,
020152D4,REFR,02002814,
020152D5,REFR,0200280C,
020152D6,REFR,02003BDA,
020152D7,REFR,0200588E,
020152D8,REFR,0200DDB5,
020152D9,REFR,0200588E,
020152DA,REFR,0200589D,
020152DB,REFR,0200589F,
020152DC,REFR,0200588E,
020152DD,REFR,0200DDB5,
020152DE,REFR,0200DDB5,
020152DF,REFR,0200DDB5,
020152E3,REFR,02003BDA,
020152E4,REFR,02003BDA,
020152E5,REFR,0200280F,
020152E6,REFR,0200588F,
020152E7,REFR,0200DDB5,
020152EA,REFR,02003BDA,
020152EC,REFR,0200588E,
02015301,REFR,020059CB,
02015302,REFR,0200DDB5,
02015303,REFR,0200DDB5,
02015304,REFR,0200DDB5,
02015305,REFR,0006F273,
0201530F,REFR,02012BA4,
02015311,REFR,0006F273,
02015312,REFR,0200DDB5,
02015313,REFR,02003BDA,
02015314,REFR,0200DDB5,
02015315,REFR,02003BDA,
02015316,REFR,0200588F,
02015318,REFR,02003BDA,
02015319,REFR,0200DDB5,
0201531A,REFR,0200DDB5,
0201531B,REFR,0200DDB5,
0201531C,REFR,02011810,
0201531D,REFR,02011810,
0201531F,REFR,0200588F,
02015322,REFR,02003BDA,
02015323,REFR,02003BDA,
02015327,REFR,0200DDB5,
02015328,REFR,02003BDA,
0201532C,REFR,0200588E,
0201532D,REFR,02003BDA,
0201532E,REFR,02003BDA,
0201538B,REFR,0200933D,
0201538C,REFR,0200933D,
0201538D,REFR,02009341,
0201538E,REFR,02007AD9,
0201538F,REFR,0200C22D,
02015390,REFR,0200C22D,
02015391,REFR,0200C22D,
02015392,REFR,0200C22E,
02015394,REFR,0200C22E,
02015395,REFR,0200C22E,
02015396,REFR,0200C22E,
02015397,REFR,0200C22E,
02015398,REFR,0200C22E,
02015399,REFR,0200C22E,
0201539A,REFR,0200C22E,
0201539B,REFR,0200C22E,
0201539C,REFR,0200C22E,
0201539D,REFR,0200C22E,
0201539E,REFR,0200F9F0,
0201539F,REFR,0200F9F0,
020153A0,REFR,0200F9F1,
020153A2,REFR,0200F9F2,
020153A3,REFR,020153A5,
020153A8,REFR,020059C2,
020153A9,REFR,020059C2,
020153AA,REFR,020059C2,
020153AB,REFR,020059C2,
020153AC,REFR,020059C2,
0201542E,REFR,0200BF4B,
0201542F,REFR,0000003B,
02015430,REFR,0200BF49,
02015431,ACHR,02008B34,
02015434,REFR,0001643B,
02015435,REFR,0001643B,
02015436,REFR,020059C2,
02015437,REFR,02010BAE,
02015438,REFR,02010BA4,
02015439,REFR,02010BA4,
0201543A,REFR,02010BAD,
0201543B,REFR,02010BAD,
0201543C,REFR,02010BAD,
0201543D,REFR,02010BAE,
0201543E,REFR,02010BA4,
0201543F,REFR,0200E3EF,
02015440,REFR,0200E9E9,
02015441,REFR,0200F9EE,
02015442,REFR,0200F9FA,
02015443,REFR,0200F9FA,
02015444,REFR,0200F9FA,
02015445,REFR,0200F9F2,
02015446,REFR,0200F9FA,
02015447,REFR,0200FA0A,
02015448,REFR,0200F9F0,
02015449,REFR,0200F9F0,
0201544A,REFR,0200F9F0,
0201544B,REFR,0200FA0A,
0201544C,REFR,0200F9F0,
0201544D,REFR,0200FA0A,
0201544E,REFR,0200F9F1,
0201544F,REFR,0200F9F0,
02015450,REFR,0200F9F1,
02015451,REFR,0200FA0A,
02015452,REFR,0200F9F1,
02015453,REFR,0200F9FA,
02015454,REFR,0200F9FA,
02015455,REFR,0200F9EE,
02015456,REFR,0200F9F0,
02015457,REFR,0200F9F2,
02015459,REFR,0200F9FA,
0201545C,REFR,0200F9F0,
0201545D,REFR,0200F9F0,
0201545E,REFR,0200FA0A,
0201545F,REFR,0200F9EE,
02015460,REFR,0200F9F0,
02015462,REFR,02015461,
02015463,REFR,0201692A,
02015464,REFR,0200FA0A,
02015465,REFR,0200F9FA,
02015466,REFR,0200F9FA,
02015467,REFR,0200F9FA,
02015468,REFR,0200FA0A,
02015469,REFR,0200F9FA,
0201546A,REFR,0200FA0A,
0201546B,REFR,0200F9F0,
0201546C,REFR,0200F9F1,
0201546D,REFR,0200FA0A,
0201546E,REFR,0200F9F1,
0201546F,REFR,0200F9F0,
02015470,REFR,0200FA0A,
02015471,REFR,0200F9FA,
02015472,REFR,0200F9FA,
02015473,REFR,0200F9FA,
02015474,REFR,0200FA0A,
02015475,REFR,0200F9F1,
02015476,REFR,0200F9F1,
02015477,REFR,0200E3E9,
02015478,REFR,0200F9FA,
0201547C,REFR,0200F9F1,
0201547D,REFR,0200F9EE,
0201547E,REFR,0200F9FA,
0201547F,REFR,0200F9FA,
02015480,REFR,0200F9FA,
02015481,REFR,0200F9F2,
02015482,REFR,0200F9FA,
02015489,REFR,0200C22E,
0201548A,REFR,0200C22E,
0201548B,REFR,0200C22E,
0201548C,REFR,0200C22E,
0201548D,REFR,0200C22E,
0201548E,REFR,0200C22E,
0201548F,REFR,0200C22E,
02015490,REFR,0200C22E,
02015491,REFR,0200C22E,
02015492,REFR,0200C22E,
02015493,REFR,0200C22E,
02015494,REFR,0200C22E,
02015495,REFR,0200C22E,
02015496,REFR,0200C22E,
02015497,REFR,0200C22E,
02015498,REFR,0200C22E,
02015499,REFR,0200C22E,
0201549A,REFR,0200C22E,
0201549B,REFR,0200C22D,
0201549C,REFR,0200C22E,
0201549D,REFR,0200C22E,
0201549E,REFR,0200C22E,
0201549F,REFR,0200C22E,
020154A0,REFR,0200C22E,
020154A1,REFR,0200C22E,
020154A2,REFR,0200C22E,
020154A3,REFR,0200C22E,
020154AB,REFR,0200C22E,
020154AD,REFR,0200C22E,
020154AE,REFR,0200C22E,
020154AF,REFR,0200C22E,
020154B2,REFR,0200C235,
020154B4,REFR,0200C22E,
020154B5,REFR,00000021,
020154B6,REFR,0000003B,
020154BE,REFR,000D54FF,
020154BF,REFR,0200C22E,
020154C0,REFR,0200C22E,
020154C1,REFR,00033761,
020154C2,REFR,00033761,
020154C3,REFR,00033761,
020154C4,REFR,02014DC4,
020154C5,REFR,02014DC4,
020154C6,REFR,02014DC4,
020154C7,REFR,0001AFF1,
020154C8,REFR,0010BFF1,
020154C9,REFR,0010BFF1,
020154CB,REFR,0200E3E7,
020154CD,REFR,0200E3E9,
020154CE,REFR,0200E3E8,
020154CF,REFR,0200E3E7,
020154D3,REFR,0201541A,
020154D4,REFR,0201541A,
020156AB,REFR,020141A9,
020156AC,REFR,020141AB,
020156AD,REFR,020141AB,
020156AE,REFR,020141A9,
020156B0,REFR,020141A9,
020156B1,REFR,0006F273,
020156B2,REFR,0200588F,
020156B3,REFR,0200DDB5,
020156B4,REFR,0200DDB5,
020156B5,REFR,02012BA4,
020156B6,REFR,0200DDB5,
020156B7,REFR,02003BDA,
020156B8,REFR,0200280E,
020156B9,REFR,0200DDB5,
020156BA,REFR,0200DDB5,
020156BB,REFR,0200DDB5,
020156BC,REFR,0200280D,
020156BD,REFR,02002814,
020156BE,REFR,02005890,
020156BF,REFR,020059CA,
020156C0,REFR,0200DDB5,
020156C1,REFR,0200280D,
020156C3,REFR,0200DDB5,
020156C4,REFR,020059CA,
020156C5,REFR,0200DDB5,
020156C7,REFR,0200280D,
020156C8,REFR,02003BDA,
020156C9,REFR,02003BDA,
020156D1,REFR,0200DDB5,
020156D2,REFR,0200588E,
020156D3,REFR,0006F273,
020156D4,REFR,02012BA4,
020156D5,REFR,0200DDB5,
020156D6,REFR,0200DDB5,
020156D7,REFR,02005890,
020156D8,REFR,0006F273,
020156E0,REFR,02003BDA,
020156E1,REFR,0200DDB5,
020156E2,REFR,0200588E,
020156E3,REFR,02012BA4,
020156E7,REFR,0200DDB5,
020156E9,REFR,0200DDB5,
020156ED,REFR,0200DDB5,
020156F0,REFR,0006F273,
020156F1,REFR,02011823,
02015721,REFR,02012BA4,
02015722,REFR,02012BA4,
02015723,REFR,020141A9,
02015725,REFR,020141A9,
02015726,REFR,020141AB,
02015728,REFR,02003AD3,
02015729,REFR,02003AD4,
0201572A,REFR,02003AD3,
0201572B,REFR,02003AD3,
0201572C,REFR,0200280F,
0201572D,REFR,02003AD5,
0201572E,REFR,0200DDB5,
0201572F,REFR,0200DDB5,
02015993,REFR,0006F273,
02015994,REFR,02011823,
02015995,REFR,0200E9E9,
02015A24,REFR,02015A23,
02015C8F,REFR,0200825D,
02015C91,REFR,00048AC0,
02015C92,ACHR,020150AF,Easy
02015C93,REFR,0200825D,
02015C94,REFR,00048AC0,
02015C95,REFR,0200825D,
02015C96,ACHR,020150AF,Easy
02015C97,REFR,0200825D,
02015C98,ACHR,020150AF,Easy
02015C99,REFR,0200825D,
02015C9A,ACHR,0200BF5E,Easy
02015C9C,REFR,0200933A,
02015C9D,REFR,0200C235,
02015D5E,ACHR,020150B5,Easy
02015D5F,REFR,000140BD,
02015D60,REFR,000140BD,
02015D61,REFR,000140BD,
02015D62,REFR,00000034,
02015D63,ACHR,020150B2,Easy
02015D64,REFR,0005EF7A,
02015D67,ACHR,020150B3,Easy
02015D68,REFR,0005EF7A,
02015D69,REFR,0005EF7A,
02015D6A,ACHR,020150B3,Easy
02015D6B,REFR,0005EF7A,
02015D6C,ACHR,020150B2,Easy
02015D77,REFR,00019AF7,
02015D78,REFR,00018BA7,
02015D79,REFR,00018198,
02015D7A,REFR,00056A9E,
02015D7B,REFR,000C49E8,
02015D7C,REFR,000C49E7,
02015D7D,REFR,000C49E9,
02015D7E,REFR,000C49E6,
02015D7F,REFR,000C49E5,
02015D80,REFR,000C49EC,
02015D81,REFR,000AF5F8,
02015D82,REFR,000C49ED,
02015D83,REFR,000C49EF,
02015D84,REFR,00019AF7,
02015D85,REFR,0001A6E2,
02015D86,REFR,00000032,
02015D87,REFR,00089930,
02015D89,REFR,02015D88,
02015D8A,REFR,0200825D,
02015D8B,ACHR,02004575,Easy
02015D8C,REFR,00048AC0,
02015D8D,REFR,0200825D,
02015D8E,ACHR,02004575,Easy
02015DA0,REFR,0004240B,
02015DA1,REFR,000C4EFD,
02015DA2,ACHR,020150B6,Easy
02015DA3,ACHR,020150B6,Easy
02015DA4,REFR,02006AA3,
02015DA5,REFR,02006AA6,
02015DA6,REFR,02006AA4,
02015DA7,REFR,000140BD,
02015DA8,REFR,000140BD,
02015DA9,ACHR,020150B6,Easy
02015DAA,REFR,00000032,
02015DAB,REFR,00000032,
02015DAC,REFR,000AA12C,
02015DAD,REFR,000139BB,
02015DAE,REFR,000139BB,
02015DAF,REFR,000139BB,
02015DB0,REFR,000139BB,
02015DBD,REFR,0200C235,
02015DBE,REFR,0200C235,
02015DBF,REFR,0200C235,
02015DC0,REFR,0200C235,
02015DC1,REFR,020059C2,
02015DC2,REFR,02010BAD,
02015DC3,REFR,02010BAD,
02015DC4,REFR,0001643B,
02015DC5,REFR,02010BA4,
02015DC6,REFR,02010BA4,
02015DC7,REFR,02010BAD,
02015DC8,REFR,0001643B,
02015DC9,REFR,02010BA4,
02015DCA,REFR,02010BAE,
02015DCB,REFR,02010BAE,
02015DCC,REFR,0200E3EF,
02015DDC,REFR,0200E3E2,
02015DDE,REFR,0200E3E7,
02015DDF,REFR,0200E3E8,
02015DE0,REFR,0200E3E9,
02015DE1,REFR,0200E3E9,
02015DE3,REFR,0200E3E9,
02015DE6,REFR,000C4EFD,
02015DE7,REFR,000C4827,
02015DE8,ACHR,020150B1,Easy
02015DE9,REFR,0201692A,
02015DEA,ACHR,020150B5,Easy
02015DEF,ACHR,0201A8EF,Easy
02015DF0,REFR,000140BD,
02015DF1,REFR,000140BD,
02015DF2,REFR,000140BD,
02015DF5,REFR,0200E3E3,
02015DF6,REFR,0200E3EC,
02015DF7,ACHR,0200BF5C,Easy
02015DF8,REFR,0200825D,
02015DF9,REFR,00048AC0,
02015DFD,REFR,020041ED,
02015DFE,REFR,020041ED,
02015DFF,REFR,020041E8,
02015E00,REFR,020041ED,
02015E01,REFR,020041ED,
02015E02,REFR,020041ED,
02015E03,REFR,020041ED,
02015E04,REFR,020041ED,
02015E05,REFR,020041ED,
02015E06,REFR,020041ED,
02015E07,REFR,020041ED,
02015E5B,REFR,0006F273,
02015E5C,REFR,02012BA4,
02015E5D,REFR,0200588E,
02015E5E,REFR,0200DDB5,
02015E5F,REFR,0200588E,
02015E60,REFR,0200DDB5,
02015E71,REFR,0200DDB5,
02015E74,REFR,02012BA4,
02015E7B,REFR,020059C9,
02015E7D,REFR,02002814,
02015E7E,REFR,020059CB,
02015E81,REFR,02012BA4,
0201600A,REFR,0200E3EF,
0201600B,REFR,0001643B,
0201600C,REFR,02010BA4,
0201600D,REFR,0001643B,
0201600E,REFR,02010BAD,
0201600F,REFR,02010BAD,
02016010,REFR,02010BA4,
02016011,REFR,02010BA4,
02016012,REFR,020059C2,
02016013,REFR,02010BAE,
02016014,REFR,02010BAD,
02016015,REFR,02010BAE,
0201602D,REFR,00000032,
0201602F,REFR,00000032,
02016030,ACHR,0201602C,Easy
02016031,ACHR,02015DF3,Easy
02016032,REFR,02012DB9,
02016033,REFR,02012DBA,
02016034,REFR,02012DB9,
02016035,REFR,0008F17B,
02016036,REFR,02012DBA,
02016037,REFR,02012DB9,
02016038,REFR,02012DB9,
02016039,REFR,02012DB9,
0201603A,REFR,02012DB9,
0201603B,REFR,02012DB9,
0201603C,REFR,02012DB9,
0201603D,REFR,02012DB9,
0201603F,REFR,02012DB9,
02016040,REFR,02012DB9,
02016041,REFR,0008F17B,
02016042,REFR,00068451,
02016043,REFR,02012DB9,
02016044,ACHR,0201602C,Easy
02016045,REFR,00068451,
02016046,REFR,0201692A,
02016047,REFR,02003BD9,
02016138,REFR,0200E3E9,
02016139,REFR,0200E3E9,
0201613A,REFR,0200E3E8,
0201613B,REFR,0200E3E8,
0201613E,REFR,0200C235,
0201613F,REFR,0200E3E8,
02016140,REFR,0200E3E6,
02016141,REFR,0200E3E2,
02016142,REFR,0200E3E2,
02016143,REFR,0200E3E2,
02016144,REFR,0200E3E2,
02016145,REFR,0200E3E6,
02016146,REFR,0200E3F0,
02016147,REFR,0200E3F0,
02016148,REFR,0200E3F0,
02016149,REFR,0200E3F0,
0201614A,REFR,0200E3F0,
0201614D,REFR,020153A5,
0201614E,REFR,020059C2,
0201614F,REFR,0200E3E9,
02016150,REFR,0200E3E9,
02016151,REFR,0200E3E8,
02016152,REFR,02004332,
02016153,REFR,02004333,
02016154,REFR,02004334,
02016155,REFR,02004334,
02016156,REFR,02004332,
02016157,REFR,02004332,
02016158,REFR,02004333,
0201615A,REFR,02004333,
0201615B,REFR,02004333,
0201615C,REFR,02004334,
0201615D,REFR,02004332,
0201615E,REFR,02004333,
0201615F,REFR,02004334,
02016160,REFR,02004333,
02016162,REFR,02015461,
02016166,REFR,000138C0,
02016167,REFR,000138C0,
02016168,REFR,02006AA3,
02016169,REFR,000C49ED,
0201616A,REFR,000C49E5,
0201616B,REFR,000C49E9,
0201616C,REFR,000C49E6,
0201616D,REFR,000C49EA,
0201616E,REFR,000C49EE,
0201616F,REFR,02006AA4,
02016170,REFR,02006AA4,
02016171,REFR,02006AA4,
02016172,REFR,02006AA6,
02016173,REFR,0004B468,
02016174,REFR,00056B17,
02016175,REFR,00000032,
02016176,REFR,0200825D,
02016177,ACHR,02004575,Easy
02016178,REFR,00048AC0,
0201617E,REFR,02015461,
02016181,REFR,000140BD,
02016182,ACHR,0201A8EF,Easy
02016183,REFR,000140BD,
02016188,REFR,000140BD,
02016189,ACHR,0201A8EF,Easy
0201618A,REFR,000140BD,
0201618B,REFR,02007ADA,
0201618D,REFR,0200C22D,
0201618E,REFR,0200E3EC,
0201618F,REFR,0200E3EB,
02016190,REFR,0200E3E4,
02016191,REFR,0200E3E4,
02016192,REFR,0200E3EC,
02016194,REFR,0201692A,
02016195,REFR,0200E3E4,
02016197,REFR,0200E3EC,
02016198,REFR,0200E3E5,
02016199,REFR,0200E3E3,
0201619A,REFR,0200E3EB,
0201619B,REFR,0200E3E5,
0201619C,REFR,0200E3E4,
0201619D,REFR,0200E3EA,
0201619E,REFR,0200E3E4,
0201619F,REFR,0200E3E3,
020161A0,REFR,0200825D,
020161A1,ACHR,02004575,Easy
020161A2,REFR,0200825D,
020161A3,ACHR,0200BF5E,Easy
020161A4,REFR,00048AC0,
020161A5,ACHR,0200BF5C,Easy
020161A6,REFR,0200825D,
020161A7,REFR,00048AC0,
020161A8,REFR,0200825D,
020161A9,ACHR,020150AF,Easy
020161AA,REFR,00000032,
020161AB,REFR,00048AC0,
020161AC,REFR,0200825D,
020161AD,ACHR,020150AF,Easy
020161AE,REFR,0200E3EC,
020161AF,REFR,0200E3E3,
020161B0,REFR,0200E3E4,
020161B1,REFR,00048AC0,
020161B2,REFR,0200825D,
020161B3,ACHR,02004575,Easy
020161B7,REFR,0200E3EA,
020161B8,REFR,0200E3E4,
02016353,REFR,000C4827,
02016357,REFR,0000003B,
020165A5,REFR,02003AD5,
020165A6,REFR,02003AD5,
020165A7,REFR,02003AD3,
020165A9,REFR,02003AD4,
020165AA,REFR,02003AD5,
020165AD,REFR,02003AD3,
020165AE,REFR,0200DDB5,
020165B0,REFR,0200DDB5,
020165B1,REFR,0200DDB5,
020165B2,REFR,0200DDB5,
020165B3,REFR,0200DDB5,
020165B4,REFR,0200E9E9,
020165B5,REFR,0200E9E9,
020165B6,REFR,0200E9E9,
020165B7,REFR,0200589B,
020165B8,REFR,0200588E,
020165B9,REFR,0200588E,
020165BA,REFR,0200588E,
020165BB,REFR,0200588F,
020165BC,REFR,0200588F,
020165BD,REFR,0200588F,
020165BE,REFR,0200DDB5,
020165BF,REFR,0200DDB5,
020165C0,REFR,0200DDB5,
020165C1,REFR,0200DDB5,
020165C2,REFR,0200DDB5,
020165C3,REFR,0200DDB5,
020165C4,REFR,0200DDB5,
020165C5,REFR,0200DDB5,
020165E6,REFR,0200DDB5,
020165E8,REFR,02003BDA,
020165E9,REFR,02003BDA,
020165EA,REFR,02003BDA,
020165EB,REFR,02003BDA,
020165EC,REFR,02003BDA,
020165ED,REFR,02003BDA,
020165EE,REFR,02003BDA,
020165F0,REFR,0200DDB5,
020165F1,REFR,0200DDB5,
020165F2,REFR,0200DDB5,
020165F3,REFR,0200DDB5,
020165F4,REFR,0200DDB5,
020165F5,REFR,0200DDB5,
020165F6,REFR,0200DDB5,
020165F7,REFR,0200DDB5,
020165F8,REFR,0200DDB5,
020165F9,REFR,0200DDB5,
020165FA,REFR,0200DDB5,
020165FB,REFR,0200DDB5,
020165FC,REFR,0200DDB5,
020165FD,REFR,0200DDB5,
020165FE,REFR,0200DDB5,
020165FF,REFR,0200DDB5,
02016600,REFR,0200DDB5,
02016601,REFR,0200DDB5,
02016602,REFR,0200DDB5,
02016604,REFR,0200DDB5,
02016605,REFR,0200DDB5,
02016606,REFR,0200DDB5,
02016607,REFR,0200DDB5,
02016608,REFR,0200DDB5,
02016609,REFR,0200DDB5,
0201660A,REFR,0200DDB5,
0201660B,REFR,0200DDB5,
0201660C,REFR,0200DDB5,
0201660D,REFR,0200DDB5,
0201660E,REFR,0200DDB5,
0201660F,REFR,0200DDB5,
02016610,REFR,0200DDB5,
02016611,REFR,0200DDB5,
02016612,REFR,0200DDB5,
02016613,REFR,0200DDB5,
02016614,REFR,0200DDB5,
02016615,REFR,0200DDB5,
02016616,REFR,0200DDB5,
02016617,REFR,0200280F,
02016618,REFR,02003AD4,
02016619,REFR,02011808,
0201661A,REFR,0200DDB5,
0201661B,REFR,0200DDB5,
0201661C,REFR,0200DDB5,
0201661D,REFR,0200DDB5,
0201661E,REFR,0200DDB5,
0201661F,REFR,0200DDB5,
02016620,REFR,0200280C,
02016621,REFR,020059C9,
02016622,REFR,0200280D,
02016623,REFR,0200280C,
02016624,REFR,0200280D,
02016625,REFR,0200280C,
02016626,REFR,0200280C,
02016627,REFR,020059CA,
02016628,REFR,020059C9,
02016629,REFR,020059C9,
0201662A,REFR,02012BA4,
0201662B,REFR,02012BA4,
0201662C,REFR,0200DDB5,
0201662D,REFR,0200DDB5,
0201662E,REFR,0200DDB5,
0201662F,REFR,0200DDB5,
02016630,REFR,0200DDB5,
02016631,REFR,0200DDB5,
02016632,REFR,0200DDB5,
02016633,REFR,0200DDB5,
02016634,REFR,0200DDB5,
02016635,REFR,0200DDB5,
02016636,REFR,0200DDB5,
02016637,REFR,0200DDB5,
02016638,REFR,0200DDB5,
02016639,REFR,0200DDB5,
0201663A,REFR,0200DDB5,
0201663B,REFR,0200DDB5,
0201663C,REFR,0200DDB5,
0201663D,REFR,0200DDB5,
0201663F,REFR,0200DDB5,
02016640,REFR,0200DDB5,
02016643,REFR,0200DDB5,
02016644,REFR,0200DDB5,
02016645,REFR,0200DDB5,
02016646,REFR,0200DDB5,
02016647,REFR,0200DDB5,
02016648,REFR,0200DDB5,
02016649,REFR,0200DDB5,
0201664A,REFR,0200DDB5,
02016659,REFR,0200DDB5,
0201665A,REFR,0200DDB5,
0201665B,REFR,0200DDB5,
0201665C,REFR,0200DDB5,
0201665D,REFR,0200DDB5,
0201665E,REFR,0200DDB5,
0201665F,REFR,0200DDB5,
02016660,REFR,0200DDB5,
02016661,REFR,0200DDB5,
02016662,REFR,0200DDB5,
02016663,REFR,0200DDB5,
02016928,REFR,0200C235,
02016929,REFR,0200C235,
0201692C,REFR,0200C235,
0201692D,REFR,0200E3E8,
0201692E,REFR,0200E3E2,
0201692F,REFR,0200E3E9,
02016930,REFR,0200E3E6,
02016942,REFR,0200DDB5,
0201694A,REFR,0200588E,
0201694C,REFR,02012BA4,
0201694D,REFR,0200DDB5,
02016952,REFR,0006F273,
02016953,REFR,02012BA4,
02016954,REFR,02005890,
0201695E,REFR,0200DDB5,
0201695F,REFR,0006F273,
02016962,REFR,0200DDB5,
02016964,REFR,0200588E,
02016969,REFR,0200DDB5,
0201696A,REFR,0200588E,
0201696E,REFR,020059C9,
0201696F,REFR,0200588E,
02016970,REFR,0200588E,
02016971,REFR,0200280D,
02016972,REFR,0200DDB5,
02016973,REFR,020059C9,
02016976,REFR,0200588E,
0201697A,REFR,02012BA4,
0201697B,REFR,0006F273,
0201697C,REFR,02012BA4,
0201697D,REFR,020058A1,
0201697E,REFR,0006F273,
0201697F,REFR,02012BA4,
02016989,REFR,0006F273,
0201698A,REFR,0006F273,
0201698B,REFR,0200589B,
020169E7,ACHR,020150B3,Easy
020169E8,ACHR,020150B2,Easy
020169E9,ACHR,020150B3,Easy
020169EB,ACHR,02008B34,
020169EC,REFR,0200BF4B,
020169ED,REFR,0200BF4E,
020169EE,REFR,0000003B,
020169EF,REFR,0200BF49,
020169F0,REFR,000D8738,
020169F1,REFR,000D873D,
020169F2,REFR,000D873E,
020169F3,REFR,020040A5,
020169FA,REFR,0000003B,
020169FC,ACHR,02008B34,
020169FD,REFR,0200BF4B,
020169FE,REFR,0200BF4E,
020169FF,REFR,0000003B,
02016A00,REFR,0200BF49,
02016A12,ACHR,02008B34,
02016A13,REFR,0200BF4B,
02016A14,REFR,0200BF4E,
02016A15,REFR,0000003B,
02016A16,REFR,0200BF49,
02016A19,ACHR,02008B34,
02016A1A,REFR,0200BF4B,
02016A1B,REFR,0200BF4E,
02016A1C,REFR,0000003B,
02016A1D,REFR,0200BF49,
02016A25,ACHR,02008B34,
02016A26,REFR,0200BF4B,
02016A27,REFR,0200BF4E,
02016A28,REFR,0000003B,
02016A29,REFR,0200BF49,
02016A38,ACHR,02008B34,
02016A39,REFR,0200BF4B,
02016A3A,REFR,0200BF4E,
02016A3B,REFR,0000003B,
02016A3C,REFR,0200BF49,
02016A49,REFR,020141A9,
02016A4A,REFR,020141A9,
02016A4B,REFR,020141A9,
02016A4C,REFR,020141A9,
02016A4E,REFR,020141A9,
02017652,REFR,02017651,
02017653,REFR,020059C2,
02017676,REFR,02017675,
02017960,REFR,020059C2,
0201796A,REFR,020059C2,
0201796B,REFR,02015FF1,
0201796C,REFR,02017651,
0201796E,REFR,020059C2,
0201796F,REFR,02017651,
02017972,REFR,020059C2,
02017974,REFR,02017651,
02017975,REFR,020059C2,
02017976,REFR,020059C2,
02017977,REFR,02017651,
02017978,REFR,020059C2,
02017979,REFR,02017651,
0201797A,REFR,020059C2,
0201797B,REFR,02017651,
0201797C,REFR,020059C2,
0201797D,REFR,02017651,
0201797E,REFR,020059C2,
0201797F,REFR,02017651,
02017980,REFR,020059C2,
02017981,REFR,02017651,
02017982,REFR,02017651,
02017983,REFR,020059C2,
02017984,REFR,02017650,
02017985,REFR,02017650,
02017986,REFR,020059C2,
02017987,REFR,02017651,
02017988,REFR,020059C2,
02017989,REFR,02017651,
0201798A,REFR,020059C2,
0201798B,REFR,02017651,
0201798C,REFR,020059C2,
0201798D,REFR,02017651,
0201798E,REFR,02017651,
0201798F,REFR,020059C2,
02017990,REFR,02015FF1,
02017991,REFR,02015FF1,
02017992,REFR,02015FF1,
02017993,REFR,02015FF1,
02017994,REFR,02015FF1,
02017995,REFR,02015FF1,
02017996,REFR,02015FF1,
02017997,REFR,02015FF1,
02017998,REFR,02015FF1,
02017999,REFR,02015FF1,
0201799A,REFR,02015FF1,
0201799B,REFR,02017651,
0201799C,REFR,020059C2,
0201799D,REFR,02015FF1,
0201799E,REFR,02017651,
0201799F,REFR,020059C2,
020179A0,REFR,02015FF1,
020179A1,REFR,02015FF1,
020179A2,REFR,02015FF1,
020179A3,REFR,02017651,
020179A4,REFR,02017651,
020179A5,REFR,020059C2,
020179A6,REFR,020059C2,
020179A9,REFR,02017651,
020179AA,REFR,020059C2,
020179AF,REFR,02017651,
020179B0,REFR,020059C2,
020179B1,REFR,02015FF1,
020179B6,REFR,02017651,
020179B8,REFR,02015FF1,
020179B9,REFR,02017651,
020179BB,REFR,02015FF1,
020179BC,REFR,02017651,
020179BD,REFR,020059C2,
020179BE,REFR,02015FF1,
020179C2,REFR,02017651,
020179C3,REFR,020059C2,
020179C4,REFR,02015FF1,
020179C5,REFR,02017651,
020179C6,REFR,020059C2,
020179C7,REFR,02015FF1,
020179C8,REFR,02017651,
020179C9,REFR,020059C2,
020179CA,REFR,02015FF1,
020179D1,REFR,02017651,
020179D2,REFR,020059C2,
020179D3,REFR,02015FF1,
020179D4,REFR,02017651,
020179D5,REFR,020059C2,
020179D6,REFR,02015FF1,
020179D7,REFR,02017651,
020179D8,REFR,020059C2,
020179D9,REFR,02015FF1,
02018076,REFR,02018075,
02018077,REFR,02013F0C,
02018078,REFR,0000003B,
02018079,REFR,0000003B,
0201807A,REFR,0000003B,
0201807B,REFR,0000003B,
0201807C,REFR,02013F0C,
0201807D,REFR,0000003B,
0201807E,REFR,0000003B,
0201807F,REFR,0000003B,
02018080,REFR,0000003B,
02018082,REFR,0000003B,
02018083,REFR,0000003B,
02018084,REFR,0000003B,
02018085,REFR,0000003B,
02018086,REFR,0000003B,
02018234,REFR,020141AB,
02018235,REFR,020141AB,
02018236,REFR,020141AB,
02018237,REFR,020141AB,
02018238,REFR,020141AB,
02018239,REFR,020141A9,
0201823A,REFR,020141A9,
0201823B,REFR,020141AB,
0201823C,REFR,020141AB,
0201823D,REFR,020141AB,
0201823E,REFR,020141AB,
0201823F,REFR,020141A9,
02018241,REFR,020141AB,
02018242,REFR,020141AB,
020183B8,REFR,0200C22F,
020183B9,REFR,0200C22E,
020183BA,REFR,0200C22E,
020183BB,REFR,000368B8,
020183BC,REFR,000368B8,
020183BD,REFR,000B9BE7,
020183BE,REFR,000B9BE7,
020183BF,REFR,02014DC4,
020183C0,REFR,0200C22E,
020183C1,REFR,02014DC4,
020183C2,REFR,00033761,
020183C3,REFR,00033761,
020183C4,REFR,0200C22E,
020183C5,REFR,000D54FF,
020183C6,REFR,02015A1E,
020183C7,REFR,02015A1E,
020183C8,REFR,02015A1E,
020183C9,REFR,02015A1E,
020183CA,REFR,02014DC4,
020183CD,REFR,0003AD5E,
020183CE,REFR,0003AD5F,
020183CF,REFR,00034CDF,
020183D0,REFR,0003AD60,
020183D1,REFR,0003AD73,
020183D2,REFR,0003AD76,
020183D3,REFR,00034CDD,
020183D4,REFR,00034CDD,
020183D5,REFR,00034CDD,
020183D6,REFR,00034CDD,
020183D7,REFR,0003AD76,
020183D8,REFR,0003AD76,
020183D9,REFR,000516C8,
020183DA,REFR,0003AD6A,
020183DB,REFR,0003AD6A,
020183DC,REFR,0003EAE3,
020183DD,REFR,00039967,
020183DE,REFR,00039D12,
020183DF,REFR,00039B0C,
020183E0,REFR,000FF9FD,
020183E1,REFR,000FFA00,
020183E2,REFR,00039E53,
020183E3,REFR,0003EAED,
020183E4,REFR,0003EAE9,
020183E5,REFR,0200E3E5,
020183E6,REFR,0200E3E4,
020183E7,REFR,0002F44C,
020183E8,REFR,0002F44C,
020183E9,REFR,000368C4,
020183EA,REFR,0001ACF1,
020183EB,REFR,0003010B,
020183EC,REFR,0001AFF1,
020183ED,REFR,0001ACF3,
020183EF,REFR,020183EE,
020183F0,REFR,020183EE,
020183F1,REFR,020183EE,
020183F2,REFR,020183EE,
02018592,REFR,0200DDB5,
02018593,REFR,0200DDB5,
020185A7,REFR,0200DDB5,
020185A8,REFR,0200DDB5,
020185A9,REFR,0200DDB5,
020185AA,REFR,0200DDB5,
020185AB,REFR,0200DDB5,
020185B5,REFR,02003BDA,
020185B6,REFR,02003BDA,
020185B7,REFR,02003BDA,
020185B8,REFR,02003BDA,
020185B9,REFR,02003BDA,
020185BA,REFR,02003BDA,
020185BB,REFR,02003BDA,
020185BC,REFR,02003BDA,
020185BD,REFR,0200DDB5,
020185BE,REFR,0200DDB5,
020185BF,REFR,0200DDB5,
020185C0,REFR,0200DDB5,
020185C1,REFR,020059CA,
020185C2,REFR,02002814,
020185C3,REFR,020059C9,
020185C6,REFR,02003BDA,
020185C7,REFR,02003BDA,
020185C8,REFR,02003BDA,
020185C9,REFR,02003BDA,
020185CA,REFR,02003BDA,
020185CB,REFR,02003BDA,
020185CC,REFR,02003BDA,
020185CD,REFR,02003BDA,
020185CE,REFR,02003BDA,
020185CF,REFR,02003BDA,
020185D0,REFR,02003BDA,
020185D1,REFR,02003BDA,
020185D2,REFR,02003BDA,
020185D3,REFR,02004334,
020185D4,REFR,0200DDB5,
020185D5,REFR,0200DDB5,
020185D6,REFR,02003BDB,
020185D7,REFR,02003BDB,
020185D8,REFR,02003BDB,
020185D9,REFR,0200DDB5,
020185DA,REFR,0200DDB5,
020185DB,REFR,0200DDB5,
020185E6,REFR,0200DDB5,
020185E7,REFR,0200DDB5,
020185E8,REFR,0200DDB5,
020185E9,REFR,02003BDA,
020185EA,REFR,02003BDA,
020185EB,REFR,02003BDA,
020185EC,REFR,02003BDA,
020185ED,REFR,02003BDA,
020185EE,REFR,02003BDA,
020185EF,REFR,02003BDA,
020185F0,REFR,02003BDA,
020185F1,REFR,02003BDA,
020185F2,REFR,02003BDA,
020185F3,REFR,0200DDB5,
020185F4,REFR,0200DDB5,
020185F6,REFR,02003BDA,
020185F7,REFR,02003BDA,
020185F8,REFR,02003BDA,
020185F9,REFR,02003BDA,
020185FA,REFR,0200DDB5,
02018B6C,REFR,02018B69,
02018B6D,REFR,02018B6A,
02018B6E,REFR,02018B6B,
02018B6F,REFR,02018B6B,
02018B70,REFR,02018B6A,
02018B71,REFR,02018B69,
02018B72,REFR,02018B6B,
02018B73,REFR,02018B6A,
02018B74,REFR,02018B69,
02018BC5,REFR,02018B69,
02018BC6,REFR,02018B6A,
02018BC7,REFR,02018B6B,
02018BC8,REFR,02018B69,
02018BC9,REFR,02018B6A,
02018BCA,REFR,02018B6B,
02018BCB,REFR,02018B69,
02018BCC,REFR,02018B6A,
02018BCD,REFR,02018B6B,
02018BCE,REFR,02018B69,
02018BCF,REFR,02018B6A,
02018BD0,REFR,02018B6B,
02018BD1,REFR,02018B69,
02018BD2,REFR,02018B6A,
02018BD3,REFR,02018B6B,
02018BD4,REFR,02018B69,
02018BD5,REFR,02018B6A,
02018BD6,REFR,02018B6B,
02018BD7,REFR,02018B69,
02018BD8,REFR,02018B6A,
02018BD9,REFR,02018B6B,
02018BDA,REFR,02018B69,
02018BDB,REFR,02018B6A,
02018BDC,REFR,02018B6B,
02018BDD,REFR,02018B69,
02018BDE,REFR,02018B6A,
02018BDF,REFR,02018B6B,
020191FF,REFR,02011823,
02019209,REFR,02019207,
0201920A,REFR,02019208,
020193E0,REFR,00052FF5,
020193E1,ACHR,02015DF3,Easy
020193E3,REFR,000140BD,
020193E4,REFR,0200C22D,
020193E5,REFR,0200C22E,
020193E6,REFR,0200C22E,
020193E7,REFR,0200C22E,
020193E8,REFR,0200C22E,
020193E9,REFR,0200C22E,
020193ED,REFR,000C4827,
020193EE,ACHR,02004759,Easy
02019840,REFR,0200E3E8,
0201A18F,REFR,02012DB9,
0201A190,REFR,02012DBA,
0201A191,REFR,02012DB9,
0201A192,REFR,02012DB9,
0201A193,REFR,02012DB9,
0201A194,REFR,02012DBA,
0201A195,REFR,02012DBA,
0201A196,REFR,02012DBA,
0201A197,REFR,02012DB9,
0201A198,REFR,02012DB9,
0201A199,REFR,02012DBA,
0201A19A,REFR,02012DB9,
0201A19B,REFR,02012DBA,
0201A19C,REFR,02012DB9,
0201A19D,REFR,02012DB9,
0201A19E,REFR,02012DB9,
0201A19F,REFR,02012DB9,
0201A1A1,REFR,02006868,
0201A1A3,REFR,0200CA84,
0201A1A4,REFR,02006868,
0201A1A6,REFR,02006868,
0201A1C5,REFR,0201A1C3,
0201A1C6,REFR,0201A1C3,
0201A1C7,REFR,0201A1C3,
0201A1C8,REFR,0201A1C3,
0201A1C9,REFR,0201A1C3,
0201A50A,REFR,0200280D,
0201A50B,REFR,0200E3EB,
0201A50E,ACHR,0201A4F7,Easy
0201A510,ACHR,02015DF3,Easy
0201A515,REFR,000C4827,
0201A516,REFR,00016C95,
0201A519,REFR,00000034,
0201A8F0,REFR,000140BD,
0201A8F1,REFR,000140BD,
0201A8F2,ACHR,0201A8EF,